Comment,SampleNo.,Mineral,GrainNo.,Region,AnalysisNo.,SiO2,CaO,FeO,MnO,MgO,NiO,Na2O,Al2O3,Cr2O3,TiO2,K2O,CoO,V2O3,MgNo,Total,,
12_ol_NG23_Rim,12,ol,NG23,Rim,1550,40.039,0.106,7.808,0.101,50.051,0.387,0.026,0.034,0.089,0.009,0,,,91.95264384,98.65,MgOMM,40.3044
12_ol_NG23_Rim,12,ol,NG23,Rim,1550,40.039,0.106,7.808,0.101,50.051,0.387,0.026,0.034,0.089,0.009,0,,,91.95264384,98.65,FeOMM,71.844
12_olv_G2,12,olv,G2,Core,472,39.742,0.08,8.085,0.105,50.299,0.381,0.024,0.031,0.052,0.018,0.002,,,91.72845375,98.819,,
12_ol_NG27_Rim,12,ol,NG27,Rim,1554,40.029,0.107,7.888,0.087,50.276,0.371,0.024,0.028,0.068,0.027,0,,,91.91030158,98.905,,
12_ol_NG27_Rim,12,ol,NG27,Rim,1554,40.029,0.107,7.888,0.087,50.276,0.371,0.024,0.028,0.068,0.027,0,,,91.91030158,98.905,,
12_ol_NG21_Rim,12,ol,NG21,Rim,1548,40.047,0.092,7.933,0.092,50.31,0.392,0.02,0.033,0.04,0.02,0.006,,,91.87295304,98.985,,
12_ol_NG21_Rim,12,ol,NG21,Rim,1548,40.047,0.092,7.933,0.092,50.31,0.392,0.02,0.033,0.04,0.02,0.006,,,91.87295304,98.985,,
12_olv_G5,12,olv,G5,Core,475,39.796,0.091,8.063,0.09,50.655,0.378,0.019,0.043,0.052,0.027,0.001,,,91.80233748,99.215,,
12_olv_G6,12,olv,G6,Core,476,40,0.07,8.024,0.103,50.605,0.337,0.013,0.021,0.06,0.014,0.004,,,91.8313478,99.251,,
12_olv_G4,12,olv,G4,Core,474,39.916,0.07,8.089,0.101,50.755,0.365,0.021,0.033,0.044,0.01,0.004,,,91.7929464,99.408,,
12_olv_G14,12,olv,G14,Core,484,40.011,0.076,7.978,0.078,50.758,0.377,0.021,0.022,0.069,0.024,0.008,,,91.89688029,99.422,,
12_olv_G9,12,olv,G9,Core,479,40.021,0.089,7.986,0.099,50.735,0.409,0.021,0.026,0.069,0.017,0,,,91.88603536,99.472,,
12_olv_G12,12,olv,G12,Core,482,40.001,0.08,8.032,0.122,50.77,0.373,0.023,0.019,0.059,0.013,0.002,,,91.8482754,99.494,,
12_olv_G1,12,olv,G1,Core,471,40.081,0.08,7.957,0.111,50.771,0.386,0.02,0.041,0.054,0.013,0.001,,,91.918388,99.515,,
12_olv_G10,12,olv,G10,Core,480,40.167,0.082,7.993,0.08,50.713,0.37,0.025,0.037,0.04,0.019,0.002,,,91.87626414,99.528,,
12_ol_NG24_Rim,12,ol,NG24,Rim,1551,40.286,0.096,7.941,0.079,50.652,0.369,0.029,0.018,0.059,0.02,0,,,91.9159082,99.549,,
12_ol_NG24_Rim,12,ol,NG24,Rim,1551,40.286,0.096,7.941,0.079,50.652,0.369,0.029,0.018,0.059,0.02,0,,,91.9159082,99.549,,
12_ol_NG22_Rim,12,ol,NG22,Rim,1549,40.304,0.102,7.834,0.083,50.765,0.368,0.023,0.014,0.054,0.014,0.007,,,92.03249527,99.568,,
12_ol_NG22_Rim,12,ol,NG22,Rim,1549,40.304,0.102,7.834,0.083,50.765,0.368,0.023,0.014,0.054,0.014,0.007,,,92.03249527,99.568,,
12_ol_NG30_Rim,12,ol,NG30,Rim,1557,40.391,0.099,7.907,0.082,50.594,0.375,0.025,0.028,0.068,0.025,0,,,91.93924687,99.594,,
12_ol_NG30_Rim,12,ol,NG30,Rim,1557,40.391,0.099,7.907,0.082,50.594,0.375,0.025,0.028,0.068,0.025,0,,,91.93924687,99.594,,
12_olv_G3,12,olv,G3,Core,473,40.137,0.064,7.935,0.095,50.897,0.369,0.02,0.02,0.04,0.028,0.011,,,91.95728221,99.616,,
12_ol_NG29_Rim,12,ol,NG29,Rim,1556,40.419,0.096,7.976,0.091,50.57,0.361,0.021,0.02,0.056,0.019,0,,,91.87107793,99.629,,
12_ol_NG29_Rim,12,ol,NG29,Rim,1556,40.419,0.096,7.976,0.091,50.57,0.361,0.021,0.02,0.056,0.019,0,,,91.87107793,99.629,,
12_olv_G7,12,olv,G7,Core,477,40.107,0.087,8.058,0.099,50.826,0.354,0.029,0.034,0.059,0.024,0.003,,,91.83231777,99.68,,
12_olv_G13,12,olv,G13,Core,483,40.201,0.078,7.982,0.1,50.803,0.373,0.02,0.029,0.072,0.027,0.009,,,91.89974609,99.694,,
12_olv_G11,12,olv,G11,Core,481,40.184,0.09,8.014,0.103,50.86,0.381,0.022,0.035,0.043,0.018,0,,,91.87828375,99.75,,
12_olv_G8,12,olv,G8,Core,478,40.221,0.08,8.006,0.112,50.934,0.348,0.029,0.017,0.053,0.023,0,,,91.896567,99.823,,
12_olv_G15,12,olv,G15,Core,485,40.233,0.081,7.99,0.12,51.033,0.385,0.029,0.03,0.06,0.012,0.004,,,91.92587603,99.977,,
12_ol_NG32_Rim,12,ol,NG32,Rim,1559,40.552,0.103,7.885,0.087,50.87,0.364,0.029,0.016,0.051,0.016,0.005,,,92.00000413,99.978,,
12_ol_NG32_Rim,12,ol,NG32,Rim,1559,40.552,0.103,7.885,0.087,50.87,0.364,0.029,0.016,0.051,0.016,0.005,,,92.00000413,99.978,,
12_ol_NG20_Rim,12,ol,NG20,Rim,1547,40.553,0.109,8.007,0.094,50.973,0.38,0.03,0.01,0.05,0.02,0,,,91.90133542,100.226,,
12_ol_NG20_Rim,12,ol,NG20,Rim,1547,40.553,0.109,8.007,0.094,50.973,0.38,0.03,0.01,0.05,0.02,0,,,91.90133542,100.226,,
12_ol_NG33_Rim,12,ol,NG33,Rim,1560,40.655,0.083,7.927,0.111,50.935,0.391,0.034,0.031,0.068,0.031,0,,,91.97025261,100.266,,
12_ol_NG33_Rim,12,ol,NG33,Rim,1560,40.655,0.083,7.927,0.111,50.935,0.391,0.034,0.031,0.068,0.031,0,,,91.97025261,100.266,,
12_ol_NG25_Rim,12,ol,NG25,Rim,1552,40.69,0.11,7.84,0.087,51.131,0.385,0.027,0.022,0.042,0.035,0,,,92.07943138,100.369,,
12_ol_NG25_Rim,12,ol,NG25,Rim,1552,40.69,0.11,7.84,0.087,51.131,0.385,0.027,0.022,0.042,0.035,0,,,92.07943138,100.369,,
12_ol_NG31_Rim,12,ol,NG31,Rim,1558,40.91,0.111,8.017,0.086,51.69,0.362,0.023,0.021,0.057,0.018,0.005,,,91.99550538,101.3,,
12_ol_NG31_Rim,12,ol,NG31,Rim,1558,40.91,0.111,8.017,0.086,51.69,0.362,0.023,0.021,0.057,0.018,0.005,,,91.99550538,101.3,,
14_ol_G1,14,ol,G1,Core,509,39.911,0.015,7.252,0.093,50.899,0.394,0.032,0,0.008,0.004,0.004,,,92.59858349,98.612,,
14_ol_G2,14,ol,G2,Core,510,40.32,0.014,7.146,0.095,51.023,0.398,0.042,0.011,0.015,0.002,0.023,,,92.71531999,99.089,,
14_ol_G14,14,ol,G14,Core,523,40.157,0.006,7.214,0.098,51.243,0.365,0,0.012,0,0,0.001,,,92.68033599,99.096,,
14_ol_G5,14,ol,G5,Core,513,40.215,0.003,7.241,0.1,51.267,0.328,0,0,0,0.005,0.001,,,92.65813877,99.16,,
14_ol_G13,14,ol,G13,Core,522,56.211,0.163,4.794,0.1,35.995,0.046,0.04,1.438,0.38,0,0.002,,,93.04777528,99.169,,
14_ol_G12,14,ol,G12,Core,521,40.238,0.018,7.181,0.131,51.326,0.366,0.008,0.006,0.015,0,0.002,,,92.72230762,99.291,,
14_ol_G6,14,ol,G6,Core,515,40.169,0.01,7.286,0.094,51.4,0.357,0.002,0.01,0,0,0.008,,,92.63358038,99.336,,
14_ol_NG20_Rim,14,ol,NG20,Rim,1483,40.346,0.014,7.324,0.107,51.359,0.336,0.013,0.017,0,0,0,,,92.59253344,99.516,,
14_ol_NG20_Rim,14,ol,NG20,Rim,1483,40.346,0.014,7.324,0.107,51.359,0.336,0.013,0.017,0,0,0,,,92.59253344,99.516,,
14_ol_G10,14,ol,G10,Core,519,40.314,0.013,7.286,0.097,51.493,0.405,0.004,0,0.012,0.008,0.001,,,92.64590625,99.633,,
14_ol_NG28_Rim,14,ol,NG28,Rim,1491,40.564,0.013,7.29,0.114,51.271,0.37,0.003,0.002,0.01,0.002,0.004,,,92.61266052,99.643,,
14_ol_NG28_Rim,14,ol,NG28,Rim,1491,40.564,0.013,7.29,0.114,51.271,0.37,0.003,0.002,0.01,0.002,0.004,,,92.61266052,99.643,,
14_ol_G15,14,ol,G15,Core,524,40.36,0.01,7.211,0.105,51.617,0.347,0.009,0,0.01,0,0.013,,,92.73231968,99.682,,
14_ol_G8,14,ol,G8,Core,517,40.246,0.003,7.401,0.09,51.562,0.401,0,0.017,0,0.016,0.001,,,92.54773325,99.737,,
14_ol_G4,14,ol,G4,Core,512,40.599,0.029,6.944,0.066,51.721,0.338,0.05,0.013,0.005,0.003,0.034,,,92.99565675,99.802,,
14_ol_G11,14,ol,G11,Core,520,40.344,0.007,7.234,0.101,51.766,0.363,0.005,0.016,0.014,0.004,0.002,,,92.73028404,99.856,,
14_ol_G9,14,ol,G9,Core,518,40.388,0.008,7.338,0.097,51.784,0.347,0.01,0,0.001,0,0,,,92.63584161,99.973,,
14_ol_NG21_Rim,14,ol,NG21,Rim,1484,40.518,0.025,7.59,0.102,51.377,0.373,0.004,0.031,0.016,0.002,0.005,,,92.34657577,100.043,,
14_ol_NG21_Rim,14,ol,NG21,Rim,1484,40.518,0.025,7.59,0.102,51.377,0.373,0.004,0.031,0.016,0.002,0.005,,,92.34657577,100.043,,
14_ol_NG23_Rim,14,ol,NG23,Rim,1486,40.65,0.006,7.341,0.117,51.589,0.376,0,0,0,0,0,,,92.60726516,100.079,,
14_ol_NG23_Rim,14,ol,NG23,Rim,1486,40.65,0.006,7.341,0.117,51.589,0.376,0,0,0,0,0,,,92.60726516,100.079,,
14_ol_NG25_Rim,14,ol,NG25,Rim,1488,40.781,0.005,7.25,0.102,51.763,0.342,0.003,0,0.082,0,0,,,92.7149849,100.328,,
14_ol_NG25_Rim,14,ol,NG25,Rim,1488,40.781,0.005,7.25,0.102,51.763,0.342,0.003,0,0.082,0,0,,,92.7149849,100.328,,
14_ol_G7,14,ol,G7,Core,516,40.697,0.008,7.308,0.122,52.022,0.388,0.006,0,0.002,0,0.005,,,92.69485128,100.558,,
14_ol_NG27_Rim,14,ol,NG27,Rim,1490,40.869,0.044,7.288,0.108,51.926,0.364,0.007,0,0.003,0,0.008,,,92.70089863,100.617,,
14_ol_NG27_Rim,14,ol,NG27,Rim,1490,40.869,0.044,7.288,0.108,51.926,0.364,0.007,0,0.003,0,0.008,,,92.70089863,100.617,,
14_ol_NG30_Rim,14,ol,NG30,Rim,1493,40.76,0.169,7.512,0.133,51.594,0.374,0.015,0.007,0.053,0.01,0.005,,,92.44874147,100.632,,
14_ol_NG30_Rim,14,ol,NG30,Rim,1493,40.76,0.169,7.512,0.133,51.594,0.374,0.015,0.007,0.053,0.01,0.005,,,92.44874147,100.632,,
14_ol_NG29_Rim,14,ol,NG29,Rim,1492,40.75,0.016,7.329,0.116,52.087,0.356,0.02,0,0.008,0.001,0.014,,,92.68386877,100.697,,
14_ol_NG29_Rim,14,ol,NG29,Rim,1492,40.75,0.016,7.329,0.116,52.087,0.356,0.02,0,0.008,0.001,0.014,,,92.68386877,100.697,,
14_ol_NG31_Rim,14,ol,NG31,Rim,1494,41.008,0.027,7.274,0.1,52.233,0.366,0,0.003,0.015,0.008,0.003,,,92.75361928,101.037,,
14_ol_NG31_Rim,14,ol,NG31,Rim,1494,41.008,0.027,7.274,0.1,52.233,0.366,0,0.003,0.015,0.008,0.003,,,92.75361928,101.037,,
14_ol_NG24_Rim,14,ol,NG24,Rim,1487,40.991,0.016,7.292,0.107,52.332,0.374,0.008,0.008,0,0.005,0.001,,,92.74973376,101.134,,
14_ol_NG24_Rim,14,ol,NG24,Rim,1487,40.991,0.016,7.292,0.107,52.332,0.374,0.008,0.008,0,0.005,0.001,,,92.74973376,101.134,,
14_ol_NG26_Rim,14,ol,NG26,Rim,1489,41.073,0.014,7.305,0.119,52.535,0.365,0,0,0,0.003,0,,,92.76377822,101.414,,
14_ol_NG26_Rim,14,ol,NG26,Rim,1489,41.073,0.014,7.305,0.119,52.535,0.365,0,0,0,0.003,0,,,92.76377822,101.414,,
14_ol_NG1_Rim,14,ol,NG1,Rim,1482,41.19,0.018,7.289,0.089,52.487,0.343,0.007,0.009,0.006,0,0.011,,,92.77235618,101.449,,
14_ol_NG1_Rim,14,ol,NG1,Rim,1482,41.19,0.018,7.289,0.089,52.487,0.343,0.007,0.009,0.006,0,0.011,,,92.77235618,101.449,,
15_ol_G3_Rim,15,ol,G3,Rim,547,38.923,0.082,10.684,0.114,48.231,0.319,0.027,0.035,0.062,0.042,0.008,,,88.94653131,98.527,,
15_ol_G13_Core,15,ol,G13,Core,566,39.8,0.035,7.72,0.096,50.89,0.403,0.008,0.025,0.031,0.003,0.007,,,92.15711784,99.018,,
15_ol_G14_Core,15,ol,G14,Core,568,40.098,0.028,7.646,0.088,50.794,0.366,0,0.004,0,0,0,,,92.21290391,99.024,,
15_ol_G1_Core,15,ol,G1,Core,542,40.048,0.034,7.518,0.108,51.056,0.387,0.03,0.015,0.02,0.003,0.014,,,92.3696122,99.233,,
15_ol_G4_Rim,15,ol,G4,Rim,549,39.544,0.099,11.566,0.111,47.453,0.29,0.035,0.053,0.021,0.035,0.036,,,87.97120774,99.243,,
15_ol_G7_Rim,15,ol,G7,Rim,555,40.156,0.027,7.774,0.087,50.868,0.392,0.011,0.022,0.013,0,0.002,,,92.10344433,99.352,,
15_ol_G15_Core,15,ol,G15,Core,570,40.144,0.029,7.737,0.094,50.855,0.408,0.026,0.026,0.021,0.011,0.021,,,92.13622117,99.372,,
15_ol_G5_Rim,15,ol,G5,Rim,551,39.47,0.094,11.41,0.123,47.963,0.324,0.013,0.045,0.023,0.039,0.007,,,88.22566946,99.511,,
15_ol_G10_Core,15,ol,G10,Core,560,40.193,0.029,7.693,0.1,51.072,0.395,0.002,0.007,0.027,0.007,0,,,92.20809129,99.525,,
15_ol_NG3_Rim,15,ol,NG3,Rim,1764,39.404,0.107,12.295,0.147,47.159,0.308,0.035,0.053,0.041,0.063,0,,0.006,87.24023365,99.618,,
15_ol_G9_Core,15,ol,G9,Core,558,40.173,0.029,7.759,0.086,51.156,0.391,0.004,0.006,0.014,0.008,0.005,,,92.1583772,99.631,,
15_ol_G6_Rim,15,ol,G6,Rim,553,39.877,0.041,9.831,0.114,49.364,0.389,0.004,0.004,0.01,0.012,0,,,89.95032441,99.646,,
15_ol_G12_Core,15,ol,G12,Core,564,40.263,0.029,7.678,0.123,51.281,0.386,0.003,0.008,0.004,0,0,,,92.25134565,99.775,,
15_ol_G5_Core,15,ol,G5,Core,550,40.267,0.031,7.737,0.106,51.193,0.422,0.009,0,0.028,0.01,0.009,,,92.18408344,99.812,,
15_ol_G6_Core,15,ol,G6,Core,552,40.261,0.033,7.667,0.108,51.298,0.42,0.008,0.005,0.02,0.007,0,,,92.26395391,99.827,,
15_ol_G14_Rim,15,ol,G14,Rim,569,40.091,0.033,9.142,0.116,50.131,0.385,0,0.019,0.006,0.012,0,,,90.71899444,99.935,,
15_ol_G9_Rim,15,ol,G9,Rim,559,39.608,0.049,11.658,0.123,48.103,0.355,0.01,0.039,0.042,0.03,0,,,88.03120348,100.017,,
15_ol_G8_Core,15,ol,G8,Core,556,40.35,0.026,7.669,0.086,51.594,0.386,0,0,0.027,0.006,0,,,92.30306831,100.144,,
15_ol_G10_Rim,15,ol,G10,Rim,561,40.224,0.031,8.404,0.114,50.985,0.367,0.028,0.002,0.013,0.011,0.022,,,91.53561016,100.201,,
15_ol_G11_Rim,15,ol,G11,Rim,563,40.051,0.035,9.472,0.109,50.109,0.426,0.016,0,0.004,0.013,0.013,,,90.41228023,100.248,,
15_ol_G7_Core,15,ol,G7,Core,554,40.41,0.037,7.819,0.093,51.525,0.406,0.004,0.003,0.011,0,0,,,92.15464834,100.308,,
15_ol_NG2_Rim,15,ol,NG2,Rim,1756,39.973,0.084,11.545,0.138,48.158,0.318,0.016,0.044,0.049,0.03,0.004,,0.005,88.1453952,100.364,,
15_ol_G12_Rim,15,ol,G12,Rim,565,40.106,0.073,10.505,0.141,49.264,0.302,0.015,0,0.01,0.014,0,,,89.31547865,100.43,,
15_ol_G13_Rim,15,ol,G13,Rim,567,40.357,0.043,9.112,0.102,50.412,0.376,0.015,0.003,0.024,0.01,0.013,,,90.79346266,100.467,,
15_ol_NG2_Core,15,ol,NG2,Core,1755,40.818,0.023,7.824,0.084,51.507,0.381,0.008,0.006,0.005,0.005,0.001,,0.016,92.14749742,100.678,,
15_ol_G15_Rim,15,ol,G15,Rim,571,40.005,0.067,10.863,0.119,49.191,0.31,0.077,0.024,0.032,0.041,0.041,,,88.97690886,100.77,,
15_ol_G8_Rim,15,ol,G8,Rim,557,40.101,0.211,10.557,0.167,49.285,0.374,0.009,0.015,0.025,0.038,0.008,,,89.27234805,100.79,,
15_ol_G11_Core,15,ol,G11,Core,562,40.628,0.03,7.798,0.108,51.817,0.395,0.019,0.003,0.015,0,0.013,,,92.21473758,100.826,,
15_ol_NG1_Rim,15,ol,NG1,Rim,1746,40.034,0.098,11.93,0.128,48.515,0.326,0.022,0.054,0.015,0.042,0,,0,87.87720897,101.164,,
17_olv_5_Rim,17,olv,G5,Rim,122,39.96,0.009,7.609,0.081,50.495,0.35,0.004,0.003,0,0.003,0,,,92.20533899,98.514,,
17_olv_6_Rim,17,olv,G6,Rim,124,39.888,0.051,7.737,0.105,50.355,0.389,0.004,0.014,0.017,0.007,0.001,,,92.06433421,98.568,,
17_olv_13_Rim,17,olv,G13,Rim,138,39.568,0.004,7.676,0.095,50.913,0.382,0,0.018,0.02,0.005,0.007,,,92.2015804,98.688,,
17_olv_2_Rim,17,olv,G2,Rim,116,40.071,0.029,7.614,0.1,50.682,0.359,0,0.007,0.008,0,0,,,92.22715684,98.87,,
17_olv_11_Core,17,olv,G11,Core,135,39.9,0.03,7.691,0.105,50.745,0.381,0.016,0.004,0.022,0.007,0.017,,,92.16369404,98.918,,
17_olv_8_Core,17,olv,G8,Core,129,39.717,0.017,7.642,0.072,51.089,0.357,0.007,0.005,0,0.006,0.009,,,92.25812407,98.921,,
17_olv_3_Core,17,olv,G3,Core,119,40.033,0.006,7.711,0.102,50.678,0.379,0,0.008,0.018,0,0.007,,,92.13534863,98.942,,
17_olv_3_Rim,17,olv,G3,Rim,118,40.22,0.017,7.69,0.127,50.532,0.33,0.004,0.008,0.014,0.003,0,,,92.1342037,98.945,,
17_olv_9_Core,17,olv,G9,Core,131,40.193,0.01,7.683,0.113,50.568,0.383,0.01,0,0.019,0,0.008,,,92.14595663,98.987,,
17_olv_10_Core,17,olv,G10,Core,133,40.201,0.012,7.749,0.093,50.583,0.363,0.011,0,0.002,0,0.011,,,92.08598999,99.025,,
17_olv_7_Rim,17,olv,G7,Rim,126,40.028,0.019,7.633,0.095,50.888,0.399,0.006,0,0.007,0.007,0.006,,,92.23836143,99.088,,
17_olv_15_Core,17,olv,G15,Core,143,40.257,0.005,7.697,0.12,50.667,0.364,0.006,0,0.007,0.011,0.005,,,92.14693576,99.139,,
17_ol_NG5_Rim,17,ol,NG5,Rim,1257,40.297,0.025,7.553,0.111,50.791,0.408,0.005,0.014,0,0.022,0,,,92.29990749,99.226,,
17_ol_NG5_Rim,17,ol,NG5,Rim,1257,40.297,0.025,7.553,0.111,50.791,0.408,0.005,0.014,0,0.022,0,,,92.29990749,99.226,,
17_olv_15_Rim,17,olv,G15,Rim,142,40.21,0.017,7.726,0.091,50.902,0.34,0,0,0,0,0,,,92.15320582,99.286,,
17_ol_NG3_Core,17,ol,NG3,Core,1252,40.405,0.026,7.51,0.114,50.854,0.411,0.003,0.014,0,0.001,0.002,,,92.34915017,99.34,,
17_ol_NG2_Core,17,ol,NG2,Core,1250,40.493,0.026,7.429,0.11,50.912,0.369,0.001,0,0,0,0,,,92.43339503,99.34,,
17_ol_NG2_Core,17,ol,NG2,Core,1250,40.493,0.026,7.429,0.11,50.912,0.369,0.001,0,0,0,0,,,92.43339503,99.34,,
17_ol_NG3_Core,17,ol,NG3,Core,1252,40.405,0.026,7.51,0.114,50.854,0.411,0.003,0.014,0,0.001,0.002,,,92.34915017,99.34,,
17_olv_4_Core,17,olv,G4,Core,121,40.334,0.012,7.591,0.086,50.938,0.376,0,0.014,0,0.013,0,,,92.28476647,99.364,,
17_olv_2_Core,17,olv,G2,Core,117,40.239,0.014,7.729,0.092,50.957,0.39,0,0.003,0,0.006,0.001,,,92.1582061,99.431,,
17_olv_9_Rim,17,olv,G9,Rim,130,40.523,0.018,7.575,0.1,50.886,0.393,0.003,0,0.004,0,0.006,,,92.29251382,99.508,,
17_olv_10_Rim,17,olv,G10,Rim,132,40.382,0.008,7.686,0.123,50.916,0.391,0.001,0.006,0,0.019,0.009,,,92.19263827,99.541,,
17_ol_NG5_Core,17,ol,NG5,Core,1256,40.469,0.024,7.626,0.12,51.053,0.369,0.003,0,0,0.003,0.004,,,92.26805337,99.671,,
17_ol_NG5_Core,17,ol,NG5,Core,1256,40.469,0.024,7.626,0.12,51.053,0.369,0.003,0,0,0.003,0.004,,,92.26805337,99.671,,
17_olv_8_Rim,17,olv,G8,Rim,128,40.382,0.024,7.693,0.101,51.113,0.356,0.003,0.018,0,0,0.006,,,92.21385488,99.696,,
17_ol_NG1_Rim,17,ol,NG1,Rim,1249,40.565,0.036,7.578,0.113,51.059,0.385,0.009,0.01,0.008,0,0,,,92.31381307,99.763,,
17_ol_NG1_Rim,17,ol,NG1,Rim,1249,40.565,0.036,7.578,0.113,51.059,0.385,0.009,0.01,0.008,0,0,,,92.31381307,99.763,,
17_olv_1_Core,17,olv,G1,Core,115,40.483,0.009,7.653,0.104,51.271,0.374,0,0,0.007,0,0.007,,,92.27323624,99.908,,
17_olv_4_Rim,17,olv,G4,Rim,120,40.539,0.024,7.706,0.121,51.194,0.392,0.01,0.007,0.035,0.001,0.003,,,92.2131013,100.032,,
17_ol_NG4_Rim,17,ol,NG4,Rim,1255,40.664,0.071,7.643,0.115,51.251,0.328,0.012,0.013,0.023,0,0.007,,,92.27977432,100.127,,
17_ol_NG4_Rim,17,ol,NG4,Rim,1255,40.664,0.071,7.643,0.115,51.251,0.328,0.012,0.013,0.023,0,0.007,,,92.27977432,100.127,,
17_olv_12_Core,17,olv,G12,Core,137,40.704,0.015,7.683,0.102,51.306,0.398,0,0,0,0,0,,,92.25017606,100.208,,
17_ol_NG3_Rim,17,ol,NG3,Rim,1253,40.923,0.03,7.504,0.094,51.369,0.369,0.007,0.001,0,0.009,0.002,,,92.42563688,100.308,,
17_ol_NG3_Rim,17,ol,NG3,Rim,1253,40.923,0.03,7.504,0.094,51.369,0.369,0.007,0.001,0,0.009,0.002,,,92.42563688,100.308,,
17_ol_NG2_Rim,17,ol,NG2,Rim,1251,40.8,0.022,7.534,0.109,51.415,0.396,0.001,0.011,0.018,0.012,0.005,,,92.40394267,100.323,,
17_ol_NG2_Rim,17,ol,NG2,Rim,1251,40.8,0.022,7.534,0.109,51.415,0.396,0.001,0.011,0.018,0.012,0.005,,,92.40394267,100.323,,
17_ol_NG1_Core,17,ol,NG1,Core,1248,40.779,0.03,7.595,0.111,51.558,0.37,0.004,0,0.018,0.001,0,,,92.36675246,100.466,,
17_ol_NG1_Core,17,ol,NG1,Core,1248,40.779,0.03,7.595,0.111,51.558,0.37,0.004,0,0.018,0.001,0,,,92.36675246,100.466,,
17_olv_14_Rim,17,olv,G14,Rim,140,40.677,0.028,7.7,0.111,51.641,0.38,0.002,0.008,0,0,0.002,,,92.28084764,100.549,,
17_olv_12_Rim,17,olv,G12,Rim,136,40.85,0.01,7.575,0.1,51.642,0.356,0.008,0.006,0.005,0,0,,,92.39676675,100.552,,
17_ol_NG4_Core,17,ol,NG4,Core,1254,41.095,0.031,7.548,0.074,51.966,0.374,0.01,0,0,0,0.007,,,92.46550251,101.105,,
17_ol_NG4_Core,17,ol,NG4,Core,1254,41.095,0.031,7.548,0.074,51.966,0.374,0.01,0,0,0,0.007,,,92.46550251,101.105,,
20A-olv-Rim-11,20,olv,G11,Rim,234,39.881,0.023,7.993,0.139,50.107,0.331,0.004,0.016,0.003,0.011,0,,,91.78608484,98.508,,
20A-olv-Core-10,20,olv,G10,Core,233,39.654,0.019,8.104,0.131,50.189,0.362,0.035,0.004,0.011,0,0.009,,,91.69396777,98.518,,
20A-olv-Core-14,20,olv,G14,Core,241,39.805,0.018,8.052,0.136,50.132,0.342,0.052,0.012,0,0,0.007,,,91.73425104,98.556,,
20A-olv-Rim-14,20,olv,G14,Rim,240,39.921,0.02,7.953,0.119,50.1,0.331,0.05,0.035,0.006,0,0.028,0,,91.82278056,98.563,,
20A-olv-Core-11,20,olv,G11,Core,235,39.794,0.031,8.085,0.125,50.2,0.383,0.027,0.007,0.025,0.005,0.018,,,91.71349307,98.7,,
20A-olv-Rim-4,20,olv,G4,Rim,220,39.746,0.029,7.993,0.123,50.443,0.356,0.012,0.006,0.025,0.001,0,,,91.83633102,98.734,,
20A-olv-Core-15,20,olv,G15,Core,243,39.811,0.03,7.978,0.125,50.38,0.357,0.034,0.008,0.025,0,0.006,,,91.84104321,98.754,,
20A-olv-Rim-7,20,olv,G7,Rim,226,39.848,0.036,7.971,0.131,50.396,0.338,0.016,0.016,0.007,0,0.009,,,91.84999569,98.768,,
20A-olv-Core-9,20,olv,G9,Core,231,39.868,0.022,8.07,0.146,50.272,0.339,0.036,0.008,0,0.006,0.002,,,91.73846414,98.769,,
20A-olv-Rim-3,20,olv,G3,Rim,218,39.666,0.033,8.087,0.138,50.435,0.391,0.025,0,0.027,0,0,,,91.74704531,98.802,,
20A-olv-Rim-13,20,olv,G13,Rim,238,40.162,0.033,7.952,0.14,50.145,0.356,0.037,0.017,0,0.001,0.016,0.006,,91.83046262,98.865,,
20A-olv-Rim-13,20,olv,G13,Rim,238,39.955,0.026,7.932,0.12,50.472,0.366,0.017,0.001,0.025,0.001,0.006,,,91.89786339,98.921,,
20A-olv-Rim-9,20,olv,G9,Rim,230,39.991,0.035,7.927,0.12,50.543,0.371,0.025,0.009,0.002,0.004,0.005,,,91.91301204,99.032,,
20A-olv-Core-5,20,olv,G5,Core,223,40.074,0.023,8.032,0.144,50.386,0.36,0.012,0.001,0.023,0.004,0.001,,,91.79124951,99.06,,
20A-olv-Core-3,20,olv,G3,Core,219,39.858,0.025,8.031,0.136,50.618,0.382,0.008,0.008,0,0,0.004,,,91.82673218,99.07,,
20A-olv-Rim-2,20,olv,G2,Rim,216,39.9,0.028,8.196,0.14,50.413,0.358,0.014,0.009,0.022,0.009,0,,,91.64176093,99.089,,
20A-olv-Rim-6,20,olv,G6,Rim,224,39.96,0.033,7.944,0.114,50.643,0.343,0.027,0,0.015,0,0.012,,,91.9117802,99.091,,
20A-olv-Rim-3,20,olv,G3,Rim,218,40.155,0.021,8.005,0.147,50.515,0.343,0.008,0,0.032,0,0,0,,91.83577732,99.226,,
20A-olv-Rim-5,20,olv,G5,Rim,222,40.141,0.037,7.915,0.136,50.578,0.363,0.024,0,0.03,0,0.003,,,91.92940298,99.227,,
20A-olv-Rim-8,20,olv,G8,Rim,228,40.036,0.032,8.064,0.151,50.531,0.368,0.045,0.005,0.019,0,0.014,,,91.78293845,99.265,,
20A-olv-Core-5,20,olv,G5,Core,223,40.312,0.036,7.81,0.131,50.702,0.325,0.017,0.001,0.022,0.012,0,0,,92.04587807,99.368,,
20A-olv-Core-3,20,olv,G3,Core,219,40.302,0.023,7.946,0.11,50.663,0.335,0.01,0,0.026,0.002,0,0,,91.91284404,99.417,,
20A-olv-Rim-1,20,olv,G1,Rim,214,40.15,0.028,8.072,0.111,50.71,0.353,0.015,0.002,0.014,0.002,0.003,,,91.80210869,99.46,,
20A-olv-Rim-6,20,olv,G6,Rim,224,40.191,0.031,7.837,0.16,50.904,0.339,0.045,0,0.009,0.005,0.004,0.003,,92.04972101,99.528,,
20A-olv-Core-15,20,olv,G15,Core,243,40.408,0.037,7.896,0.114,50.776,0.353,0.028,0.001,0.006,0.001,0.007,0.026,,91.97609841,99.653,,
20A-olv-Rim-15,20,olv,G15,Rim,242,40.324,0.024,8.031,0.115,50.803,0.341,0.02,0,0.011,0.004,0.009,0,,91.8540708,99.682,,
20A-olv-Core-6,20,olv,G6,Core,225,40.319,0.023,7.946,0.133,50.889,0.36,0.007,0.008,0.02,0.005,0,0,,91.94586674,99.71,,
20A-olv-Rim-11,20,olv,G11,Rim,234,40.399,0.025,7.965,0.142,50.966,0.33,0.002,0,0,0,0,0.021,,91.93937472,99.85,,
20A-olv-Core-13,20,olv,G13,Core,239,40.457,0.034,7.93,0.117,50.878,0.384,0.04,0,0,0.01,0.014,0,,91.95918235,99.864,,
20A-olv-Core-2,20,olv,G2,Core,217,40.372,0.026,8.045,0.154,50.823,0.39,0.016,0.032,0,0.008,0.003,0.014,,91.84397792,99.883,,
20A-olv-Core-7,20,olv,G7,Core,227,40.487,0.02,7.897,0.103,51.027,0.34,0.022,0,0.005,0,0.007,0.022,,92.01148427,99.93,,
20A-olv-Core-8,20,olv,G8,Core,229,40.427,0.034,8.032,0.145,50.915,0.359,0.061,0,0.023,0,0.018,0,,91.86960308,100.014,,
20A-olv-Core-14,20,olv,G14,Core,241,40.54,0.036,7.915,0.141,50.913,0.367,0.096,0.009,0,0.012,0.028,0.011,,91.97824649,100.068,,
20A-olv-Core-1,20,olv,G1,Core,215,40.328,0.027,8.108,0.137,51.144,0.344,0.014,0,0.008,0,0.011,0.008,,91.8327026,100.129,,
20A-olv-Rim-10,20,olv,G10,Rim,232,40.571,0.027,7.93,0.12,51.121,0.349,0.018,0,0.011,0.008,0,0.002,,91.99434392,100.157,,
20A-olv-Rim-12,20,olv,G12,Rim,236,40.522,0.024,7.955,0.108,51.156,0.363,0.018,0,0.015,0,0.01,0.002,,91.97618421,100.173,,
20A-olv-Rim-5,20,olv,G5,Rim,222,40.583,0.039,7.825,0.133,51.174,0.358,0,0.028,0.003,0.006,0.003,0.029,,92.09950616,100.181,,
20A-olv-Core-4,20,olv,G4,Core,221,40.496,0.032,8.08,0.118,51.027,0.376,0.028,0,0.025,0.007,0.006,0.001,,91.84146668,100.196,,
20A-olv-Rim-1,20,olv,G1,Rim,214,40.499,0.029,8.02,0.13,51.119,0.341,0.021,0.007,0.017,0.01,0,0.024,,91.9105441,100.217,,
20A-olv-Rim-2,20,olv,G2,Rim,216,40.553,0.027,7.985,0.118,51.146,0.369,0.006,0.027,0,0.002,0.004,0,,91.94691361,100.237,,
20A-olv-Core-11,20,olv,G11,Core,235,40.527,0.028,8.057,0.141,51.155,0.33,0.015,0,0.006,0.008,0.013,0.014,,91.88150838,100.294,,
20A-olv-Core-9,20,olv,G9,Core,231,40.358,0.029,8.019,0.132,51.317,0.351,0.061,0,0.024,0.004,0.014,0.001,,91.94016435,100.31,,
20A-olv-Core-10,20,olv,G10,Core,233,40.618,0.018,8.109,0.124,51.215,0.344,0.015,0.017,0.04,0.002,0,0,,91.8421775,100.502,,
20A-olv-Rim-7,20,olv,G7,Rim,226,40.759,0.019,7.898,0.106,51.349,0.352,0.063,0,0.035,0,0.023,0,,92.0566742,100.604,,
20A-olv-Core-12,20,olv,G12,Core,237,40.495,0.032,8.072,0.122,51.403,0.366,0.006,0.038,0.044,0.011,0.013,0.008,,91.90368206,100.61,,
20A-olv-Rim-9,20,olv,G9,Rim,230,40.804,0.034,7.965,0.113,51.568,0.358,0.04,0,0.016,0,0.012,0.024,,92.02597023,100.934,,
20A-olv-Rim-8,20,olv,G8,Rim,228,41.071,0.036,7.891,0.13,51.759,0.347,0.03,0.04,0.008,0,0.021,0,,92.12107244,101.333,,
26_olivine_G14_Rim,26,olv,G14,Rim,64,39.744,0.051,8.399,0.135,49.706,0.413,0.013,0.038,0.028,0,0.006,,,91.3413871,98.533,,
26_olivine_G1_Rim,26,olv,G1,Rim,38,39.756,0.048,8.733,0.147,49.414,0.394,0.004,0.012,0.028,0.011,0,,,90.97972033,98.547,,
26_olivine_G15_Rim,26,olv,G15,Rim,66,39.804,0.015,8.066,0.091,50.147,0.421,0,0.022,0,0.006,0,,,91.72334065,98.572,,
26_olivine_G13_Rim,26,olv,G13,Rim,62,40.03,0.052,8.287,0.102,49.672,0.398,0.017,0.017,0.004,0.009,0,,,91.44162011,98.588,,
26_olivine_G12_Core,26,olv,G12,Core,61,40.099,0.012,8.03,0.089,49.957,0.415,0.008,0.012,0.007,0,0.012,,,91.72847958,98.641,,
26_olivine_G5_Rim,26,olv,G5,Rim,46,40.022,0.049,8.322,0.117,49.745,0.408,0,0.005,0.023,0,0.001,,,91.42010545,98.692,,
26_olivine_G10_Core,26,olv,G10,Core,57,40.199,0.01,7.909,0.087,50.156,0.413,0.013,0.006,0.007,0.002,0.005,,,91.87268579,98.807,,
26_olivine_G3_Rim,26,olv,G3,Rim,42,40.042,0.016,8.049,0.099,50.187,0.407,0,0.003,0.02,0.003,0.008,,,91.74538408,98.834,,
26_olivine_G4_Core,26,olv,G4,Core,44,56.416,0.311,5.039,0.108,35.469,0.075,0.028,1.067,0.3,0.021,0,,,92.61833488,98.834,,
26_olivine_G3_Core,26,olv,G3,Core,43,40.111,0.02,8.061,0.106,50.119,0.41,0,0.009,0.029,0,0.003,,,91.72380801,98.868,,
26_olivine_G9_Rim,26,olv,G9,Rim,54,40.04,0.008,7.866,0.11,50.411,0.429,0.006,0.027,0,0.008,0.005,,,91.95091283,98.91,,
26_olivine_G1_Core,26,olv,G1,Core,39,40.136,0.01,8.03,0.084,50.227,0.418,0.006,0.017,0,0.016,0.001,,,91.76928419,98.945,,
26_olivine_G4_Rim,26,olv,G4,Rim,45,56.452,0.302,5.215,0.109,35.484,0.106,0.022,0.971,0.266,0.022,0,,,92.3831328,98.949,,
26_olivine_G8_Rim,26,olv,G8,Rim,52,40.346,0.035,8.231,0.132,49.843,0.377,0,0.011,0.034,0.01,0,,,91.52124113,99.019,,
26_olivine_G5_Core,26,olv,G5,Core,47,40.27,0.009,7.942,0.096,50.32,0.409,0.008,0.017,0.006,0.004,0,,,91.86596825,99.081,,
26_olivine_G2_Core,26,olv,G2,Core,41,40.18,0.02,8.073,0.091,50.277,0.443,0.004,0,0.004,0.01,0.006,,,91.73640071,99.108,,
26_olivine_G11_Rim,26,olv,G11,Rim,58,40.073,0.014,8.059,0.086,50.512,0.434,0,0,0,0.008,0.003,,,91.78477964,99.189,,
26_ol_NG2_Rim,26,ol,NG2,Rim,1324,40.077,0.058,8.262,0.127,50.302,0.394,0.008,0.017,0.029,0.009,0,,,91.56310925,99.283,,
26_ol_NG2_Rim,26,ol,NG2,Rim,1324,40.077,0.058,8.262,0.127,50.302,0.394,0.008,0.017,0.029,0.009,0,,,91.56310925,99.283,,
26_olivine_G14_Core,26,olv,G14,Core,65,40.169,0.015,8.103,0.068,50.534,0.374,0,0.012,0.017,0.008,0.006,,,91.74692771,99.306,,
26_olivine_G7_Rim,26,olv,G7,Rim,50,40.381,0.027,8.089,0.079,50.27,0.416,0.009,0.005,0.032,0,0,,,91.72032148,99.308,,
26_olivine_G11_Core,26,olv,G11,Core,59,40.319,0.017,8.054,0.09,50.384,0.408,0.011,0.026,0.003,0,0,,,91.7703159,99.312,,
26_ol_NG2_Core,26,ol,NG2,Core,1323,40.301,0.029,7.827,0.057,50.745,0.42,0.001,0,0,0.001,0,,,92.03616004,99.381,,
26_ol_NG2_Core,26,ol,NG2,Core,1323,40.301,0.029,7.827,0.057,50.745,0.42,0.001,0,0,0.001,0,,,92.03616004,99.381,,
26_olivine_G12_Rim,26,olv,G12,Rim,60,40.277,0.067,8.079,0.113,50.357,0.4,0.018,0.018,0.075,0.008,0.001,,,91.74281916,99.413,,
26_olivine_G15_Core,26,olv,G15,Core,67,40.397,0.014,8.11,0.079,50.492,0.429,0.009,0.011,0.008,0.002,0,,,91.73408439,99.551,,
26_olivine_G2_Rim,26,olv,G2,Rim,40,40.26,0.014,8.103,0.113,50.744,0.435,0.002,0,0.002,0,0,,,91.77827429,99.673,,
26_olivine_G13_Core,26,olv,G13,Core,63,40.36,0.023,8.094,0.091,50.753,0.422,0.009,0.005,0.01,0.012,0,,,91.78799299,99.779,,
26_ol_NG1_Core,26,ol,NG1,Core,1321,40.484,0.027,7.894,0.066,51.027,0.423,0.005,0.01,0.003,0.008,0.002,,,92.01427669,99.949,,
26_ol_NG1_Core,26,ol,NG1,Core,1321,40.484,0.027,7.894,0.066,51.027,0.423,0.005,0.01,0.003,0.008,0.002,,,92.01427669,99.949,,
26_ol_NG1_Rim,26,ol,NG1,Rim,1322,40.442,0.066,8.69,0.169,50.182,0.38,0.002,0.014,0.039,0,0.006,,,91.1454079,99.99,,
26_ol_NG1_Rim,26,ol,NG1,Rim,1322,40.442,0.066,8.69,0.169,50.182,0.38,0.002,0.014,0.039,0,0.006,,,91.1454079,99.99,,
26_olivine_G8_Core,26,olv,G8,Core,53,40.771,0.019,7.929,0.084,50.884,0.436,0.003,0,0.023,0,0,,,91.96098661,100.149,,
26_olivine_G9_Core,26,olv,G9,Core,55,40.894,0.012,8.004,0.076,51.503,0.433,0.005,0,0,0.001,0.005,,,91.98075505,100.933,,
28_ol_NG29_Rim,28,ol,NG29,Rim,1809,39.986,0.094,8.55,0.102,49.523,0.369,0.032,0.019,0.092,0.023,0.003,,0.005,91.16977058,98.798,,
28_ol_NG28_Rim,28,ol,NG28,Rim,1808,39.809,0.095,8.641,0.118,49.889,0.421,0.029,0.043,0.058,0.014,0,,0,91.14378368,99.117,,
28_ol_G10,28,ol,G10,Core,624,56.405,1.236,5.141,0.096,34.572,0.119,0.258,0.935,0.39,0.168,0.016,,,92.30006494,99.336,,
28_ol_G1,28,ol,G1,Core,615,40.063,0.071,8.456,0.11,50.156,0.407,0.041,0.023,0.064,0.022,0,,,91.35915689,99.413,,
28_ol_G8,28,ol,G8,Core,622,40.043,0.078,8.527,0.102,50.163,0.418,0.032,0.046,0.082,0.012,0.008,,,91.29403128,99.511,,
28_ol_G12,28,ol,G12,Core,626,39.994,0.082,8.527,0.103,50.373,0.389,0.04,0.01,0.059,0.018,0,,,91.32717786,99.595,,
28_ol_G3,28,ol,G3,Core,617,40.104,0.064,8.61,0.087,50.235,0.362,0.032,0.026,0.055,0.023,0.005,,,91.22821684,99.603,,
28_ol_G9,28,ol,G9,Core,623,40.053,0.076,8.504,0.107,50.342,0.375,0.024,0.028,0.102,0.012,0.001,,,91.34368102,99.624,,
28_ol_G4,28,ol,G4,Core,618,39.939,0.1,8.549,0.103,50.442,0.383,0.04,0.031,0.061,0.025,0.008,,,91.31760595,99.681,,
28_ol_NG26_Rim,28,ol,NG26,Rim,1806,40.2,0.081,8.73,0.085,50.1,0.402,0.034,0.027,0.075,0.018,0,,0.013,91.09501699,99.765,,
28_ol_G15,28,ol,G15,Core,629,40.074,0.07,8.554,0.124,50.462,0.387,0.024,0.031,0.065,0.009,0,,,91.31611307,99.8,,
28_ol_G11,28,ol,G11,Core,625,40.145,0.074,8.564,0.114,50.372,0.41,0.042,0.031,0.093,0.03,0.017,,,91.29266405,99.892,,
28_ol_G6,28,ol,G6,Core,620,40.299,0.072,8.366,0.105,50.503,0.408,0.028,0.035,0.066,0.02,0,,,91.4970481,99.902,,
28_ol_NG34_Rim,28,ol,NG34,Rim,1814,40.235,0.097,8.754,0.133,50.233,0.397,0.018,0.021,0.038,0.018,0,,0,91.09425285,99.944,,
28_ol_NG23_Rim,28,ol,NG23,Rim,1803,40.313,0.076,8.73,0.109,50.18,0.384,0.022,0.025,0.052,0.027,0,,0.028,91.10795146,99.946,,
28_ol_NG21_Rim,28,ol,NG21,Rim,1801,40.267,0.076,8.674,0.101,50.387,0.402,0.028,0.021,0.058,0.019,0,,0,91.19306696,100.033,,
28_ol_G13,28,ol,G13,Core,627,40.177,0.068,8.548,0.116,50.628,0.387,0.031,0.003,0.079,0.021,0,,,91.34766823,100.058,,
28_ol_G7,28,ol,G7,Core,621,40.226,0.077,8.603,0.115,50.551,0.385,0.023,0.035,0.08,0.024,0.001,,,91.28474068,100.12,,
28_ol_G2,28,ol,G2,Core,616,40.16,0.095,8.552,0.126,50.681,0.377,0.029,0.039,0.081,0.027,0,,,91.35223917,100.167,,
28_ol_G5,28,ol,G5,Core,619,40.208,0.073,8.641,0.096,50.704,0.388,0.032,0.016,0.055,0.015,0,,,91.27371364,100.228,,
28_ol_NG35_Rim,28,ol,NG35,Rim,1815,40.528,0.066,8.706,0.095,50.256,0.379,0.057,0.074,0.067,0.025,0,,0.004,91.14245398,100.257,,
28_ol_G14,28,ol,G14,Core,628,40.194,0.08,8.682,0.121,50.803,0.35,0.033,0.014,0.075,0.013,0,,,91.25152215,100.365,,
28_ol_NG25_Rim,28,ol,NG25,Rim,1805,40.364,0.076,8.757,0.103,50.564,0.381,0.029,0.029,0.083,0.016,0.007,,0,91.14462521,100.409,,
28_ol_NG24_Rim,28,ol,NG24,Rim,1804,40.764,0.086,8.601,0.08,50.518,0.398,0.02,0.024,0.042,0.028,0,,0,91.28139461,100.561,,
28_ol_NG22_Rim,28,ol,NG22,Rim,1802,40.798,0.076,8.716,0.121,50.773,0.413,0.02,0.01,0.073,0.02,0.002,,0.029,91.21553785,101.051,,
28_ol_NG20_Rim,28,ol,NG20,Rim,1800,40.884,0.091,8.72,0.1,51.047,0.377,0.025,0.03,0.06,0.02,0,,0.004,91.25490679,101.358,,
28_ol_NG27_Rim,28,ol,NG27,Rim,1807,40.881,0.101,8.689,0.094,51.049,0.387,0.024,0.024,0.067,0.025,0.009,,0.017,91.28359777,101.367,,
33A_olv_6_Core,33,olv,G6,Core,157,39.558,0.076,8.094,0.105,50.125,0.373,0.04,0.015,0.073,0.04,0.003,,,91.69365343,98.502,,
33A_olv_12_Rim,33,olv,G12,Rim,168,39.737,0.086,7.993,0.093,50.005,0.402,0.04,0.03,0.092,0.049,0,,,91.77070892,98.527,,
33A_olv_4_Core,33,olv,G4,Core,153,39.703,0.086,8.139,0.114,49.964,0.385,0.032,0.017,0.09,0.039,0,,,91.62667882,98.569,,
33A_olv_1_Rim,33,olv,G1,Rim,146,39.76,0.082,8.067,0.09,50.007,0.383,0.022,0.034,0.091,0.036,0,,,91.70114862,98.572,,
33A_olv_1_Core,33,olv,G1,Core,147,39.645,0.085,8.046,0.112,50.132,0.365,0.026,0.028,0.103,0.032,0,,,91.73990156,98.574,,
33A_olv_5_Core,33,olv,G5,Core,155,39.525,0.077,8.112,0.096,50.19,0.369,0.039,0.05,0.085,0.033,0,,,91.68660187,98.576,,
33A_olv_11_Core,33,olv,G11,Core,167,39.567,0.091,8.105,0.103,50.166,0.365,0.031,0.029,0.081,0.041,0.003,,,91.68953593,98.582,,
33A_olv_7_Rim,33,olv,G7,Rim,158,39.645,0.078,8.175,0.109,49.998,0.365,0.033,0.035,0.099,0.04,0.009,,,91.59799293,98.586,,
33A_olv_12_Core,33,olv,G12,Core,169,39.706,0.089,8.168,0.114,49.962,0.348,0.03,0.038,0.107,0.043,0.008,,,91.59904221,98.613,,
33A_olv_9_Rim,33,olv,G9,Rim,162,39.791,0.08,8.047,0.084,50.01,0.387,0.043,0.027,0.112,0.03,0.009,,,91.72047542,98.62,,
33A_ol_G19_Corecoarse,33,ol,G19,Core,1070,39.622,0.081,8.042,0.123,50.234,0.35,0.042,0.055,0.092,0.051,0,,,91.75905186,98.692,,
33A_ol_G19_Corecoarse,33,ol,G19,Core,1070,39.622,0.081,8.042,0.123,50.234,0.35,0.042,0.055,0.092,0.051,0,,,91.75905186,98.692,,
33A_olv_16_Core,33,olv,G16,Core,174,39.865,0.09,8.082,0.113,49.952,0.347,0.043,0.029,0.118,0.046,0.009,,,91.67860887,98.694,,
33A_olv_8_Core,33,olv,G8,Core,161,39.469,0.1,8.175,0.085,50.36,0.349,0.043,0.026,0.098,0.023,0.002,,,91.65334759,98.73,,
33A_olv_10_Core,33,olv,G10,Core,165,39.68,0.086,8.098,0.124,50.182,0.394,0.04,0.014,0.089,0.023,0,,,91.69854519,98.73,,
33A_olv_13_Rim,33,olv,G13,Rim,170,39.769,0.085,8.057,0.118,50.165,0.378,0.022,0.026,0.079,0.032,0,,,91.73453368,98.731,,
33A_olv_13_Core,33,olv,G13,Core,171,39.783,0.078,8.126,0.112,50.098,0.367,0.031,0.039,0.096,0.023,0,,,91.65943341,98.753,,
33A_olv_14_Rim,33,olv,G14,Rim,172,39.799,0.082,8.216,0.106,50.059,0.373,0.033,0.027,0.083,0.042,0.001,,,91.56882936,98.821,,
33A_ol_G18_Corecoarse,33,ol,G18,Core,1068,39.886,0.082,7.927,0.08,50.207,0.365,0.058,0.082,0.089,0.066,0.002,,,91.86329516,98.844,,
33A_ol_G18_Corecoarse,33,ol,G18,Core,1068,39.886,0.082,7.927,0.08,50.207,0.365,0.058,0.082,0.089,0.066,0.002,,,91.86329516,98.844,,
33A_olv_9_Core,33,olv,G9,Core,163,39.581,0.081,8.312,0.082,50.242,0.343,0.037,0.042,0.081,0.042,0.009,,,91.50711158,98.852,,
33A_olv_2_Rim,33,olv,G2,Rim,148,39.805,0.099,8.136,0.109,50.159,0.355,0.029,0.028,0.084,0.052,0.008,,,91.65933411,98.864,,
33A_olv_7_Core,33,olv,G7,Core,159,39.831,0.081,8.058,0.111,50.279,0.359,0.022,0.035,0.083,0.044,0,,,91.75078929,98.903,,
33A_olv_14_Rim,33,olv,G14,Rim,172,39.652,0.08,8.124,0.099,50.36,0.382,0.033,0.036,0.092,0.03,0.016,,,91.70109714,98.904,,
33A_olv_4_Rim,33,olv,G4,Rim,152,39.93,0.1,8.148,0.11,50.064,0.367,0.036,0.052,0.08,0.03,0,,,91.63353724,98.917,,
33A_ol_G17_Rimcoarse,33,ol,G17,Rim,1067,39.815,0.098,8.051,0.084,50.344,0.35,0.039,0.039,0.082,0.037,0.002,,,91.76713077,98.941,,
33A_ol_G17_Rimcoarse,33,ol,G17,Rim,1067,39.815,0.098,8.051,0.084,50.344,0.35,0.039,0.039,0.082,0.037,0.002,,,91.76713077,98.941,,
33A_ol_G18_Rimcoarse,33,ol,G18,Rim,1069,39.875,0.087,8.141,0.104,50.22,0.339,0.036,0.026,0.087,0.027,0,,,91.66392784,98.942,,
33A_ol_G18_Rimcoarse,33,ol,G18,Rim,1069,39.875,0.087,8.141,0.104,50.22,0.339,0.036,0.026,0.087,0.027,0,,,91.66392784,98.942,,
33A_olv_8_Rim,33,olv,G8,Rim,160,39.82,0.078,8.087,0.12,50.299,0.345,0.031,0.023,0.103,0.034,0.006,,,91.72657689,98.946,,
33A_olv_3_Rim,33,olv,G3,Rim,150,39.924,0.086,8.061,0.09,50.31,0.36,0.029,0.045,0.081,0.037,0,,,91.75263692,99.023,,
33A_olv_3_Core,33,olv,G3,Core,151,40.024,0.076,8.034,0.111,50.145,0.395,0.04,0.101,0.096,0.057,0,,,91.7531668,99.079,,
33A_olv_5_Rim,33,olv,G5,Rim,154,39.895,0.102,8.17,0.096,50.313,0.389,0.022,0.05,0.08,0.028,0.002,,,91.65088467,99.147,,
33A_olv_6_Rim,33,olv,G6,Rim,156,39.823,0.092,8.154,0.108,50.402,0.375,0.048,0.051,0.095,0.041,0.002,,,91.67936467,99.191,,
33A_ol_G17_Corecoarse,33,ol,G17,Core,1066,39.924,0.087,8.09,0.086,50.458,0.372,0.042,0.024,0.089,0.05,0,,,91.74768913,99.222,,
33A_ol_G17_Corecoarse,33,ol,G17,Core,1066,39.924,0.087,8.09,0.086,50.458,0.372,0.042,0.024,0.089,0.05,0,,,91.74768913,99.222,,
33A_olv_14_Core,33,olv,G14,Core,173,40.04,0.076,8.095,0.093,50.389,0.341,0.029,0.03,0.083,0.048,0.007,,,91.73263803,99.231,,
33A_ol_G19_Rimcoarse,33,ol,G19,Rim,1071,40.164,0.087,8.083,0.109,50.866,0.377,0.021,0,0.079,0.045,0.003,,,91.81496707,99.834,,
33A_ol_G19_Rimcoarse,33,ol,G19,Rim,1071,40.164,0.087,8.083,0.109,50.866,0.377,0.021,0,0.079,0.045,0.003,,,91.81496707,99.834,,
36_ol_G11_Rim,36,ol,G11,Rim,663,39.088,0.179,12.278,0.255,46.475,0.154,0.044,0.019,0.078,0.007,0.021,,,87.09227195,98.598,,
36_ol_G2,36,ol,G2,Core,646,39.73,0.009,7.67,0.115,50.699,0.379,0.001,0.001,0.008,0.014,0,,,92.17688102,98.626,,
36_ol_G13_Core,36,ol,G13,Core,665,39.963,0.003,7.602,0.086,50.785,0.434,0,0.005,0.007,0,0.01,,,92.2529785,98.895,,
36_ol_G11_Core,36,ol,G11,Core,662,40.038,0.009,7.575,0.087,50.891,0.397,0,0.016,0,0.005,0.004,,,92.29321271,99.022,,
36_ol_G3_Core,36,ol,G3,Core,647,40.017,0.019,7.509,0.088,51.154,0.392,0.002,0,0.011,0.01,0.004,,,92.39154153,99.206,,
36_ol_G15,36,ol,G15,Core,669,40.036,0.016,7.622,0.115,51.054,0.397,0.02,0.002,0.019,0.005,0.019,,,92.27193519,99.305,,
36_ol_G3_Rim,36,ol,G3,Rim,648,40.046,0.023,7.699,0.147,51.011,0.381,0.008,0.01,0,0.002,0,,,92.19389147,99.327,,
36_ol_G10_Core,36,ol,G10,Core,660,40.051,0.086,7.684,0.111,51.052,0.406,0.003,0.013,0.003,0,0.001,,,92.21368566,99.41,,
36_ol_NG2_Rim,36,ol,NG2,Rim,1966,39.079,0.246,13.85,0.277,45.694,0.18,0.007,0.006,0.044,0.015,0,,0.031,85.46712188,99.429,,
36_ol_G9_Rim,36,ol,G9,Rim,659,39.692,0.077,10.013,0.314,49.079,0.311,0,0.011,0.019,0.014,0,,,89.73004899,99.53,,
36_ol_G6_Core,36,ol,G6,Core,653,40.03,0.01,7.675,0.108,51.311,0.436,0.001,0.002,0.019,0.004,0.003,,,92.25831691,99.599,,
36_ol_G8,36,ol,G8,Core,657,40.133,0.01,7.648,0.098,51.314,0.382,0,0.013,0.011,0.003,0.005,,,92.28386626,99.617,,
36_ol_G5_Rim,36,ol,G5,Rim,652,40.198,0.05,7.584,0.124,51.23,0.368,0.019,0,0.048,0.005,0.002,,,92.33190115,99.628,,
36_ol_G1_Rim,36,ol,G1,Rim,645,40.206,0.048,7.655,0.11,51.17,0.4,0.02,0,0.024,0,0,,,92.2572993,99.633,,
36_ol_G1_Core,36,ol,G1,Core,644,40.117,0.011,7.736,0.109,51.221,0.401,0.014,0.011,0.016,0.01,0.004,,,92.18895307,99.65,,
36_ol_NG1_Rim,36,ol,NG1,Rim,1964,40.482,0.094,7.915,0.135,50.709,0.361,0.001,0.012,0.041,0,0.005,,0,91.94857363,99.755,,
36_ol_G6_Rim,36,ol,G6,Rim,654,40.284,0.09,7.612,0.11,51.278,0.382,0.006,0,0.015,0.009,0.008,,,92.31241762,99.794,,
36_ol_G4_Rim,36,ol,G4,Rim,650,40.481,0.069,7.562,0.121,51.165,0.416,0.022,0.011,0.027,0,0.012,,,92.34347241,99.886,,
36_ol_G5_Core,36,ol,G5,Core,651,40.148,0.008,7.756,0.123,51.542,0.38,0.004,0,0.005,0.004,0,,,92.21530673,99.97,,
36_ol_G14_Core,36,ol,G14,Core,667,40.346,0.014,7.751,0.114,51.417,0.396,0.008,0.001,0.005,0,0.005,,,92.20249548,100.057,,
36_ol_G4_Core,36,ol,G4,Core,649,40.432,0.009,7.68,0.11,51.602,0.396,0.003,0.015,0.015,0.006,0,,,92.29398189,100.268,,
36_ol_NG3_Rim,36,ol,NG3,Rim,1974,40.958,0.093,7.811,0.113,51.228,0.37,0.016,0.006,0,0.006,0.003,,0.013,92.12018545,100.617,,
36_ol_NG2_Core,36,ol,NG2,Core,1965,40.857,0.017,7.819,0.106,51.525,0.383,0.005,0.012,0.004,0.006,0.004,,0.012,92.15464834,100.75,,
36_ol_NG3_Core,36,ol,NG3,Core,1973,41.05,0.011,7.866,0.113,51.723,0.461,0.01,0,0.017,0.001,0.002,,0,92.13903519,101.254,,
36_ol_G13_Rim,36,ol,G13,Rim,666,40.289,0.085,10.726,0.225,49.744,0.199,0.01,0.014,0.064,0.014,0.012,,,89.2088665,101.382,,
37_olv_15_Core,37,olv,G15,Core,109,39.774,0.021,8.059,0.105,50.139,0.378,0,0.009,0.016,0,0.005,,,91.72871905,98.506,,
37_olv_10_Core,37,olv,G10,Core,97,39.813,0.018,8.28,0.097,49.937,0.371,0.005,0.009,0,0,0,,,91.48975059,98.53,,
37_olv_12_Core,37,olv,G12,Core,103,39.781,0.013,8.253,0.106,49.965,0.404,0.003,0.014,0,0.004,0.003,,,91.5194984,98.546,,
37_olv_12_Rim,37,olv,G12,Rim,100,39.896,0.013,8.191,0.094,49.998,0.37,0,0.005,0,0.011,0.004,,,91.58293276,98.582,,
37_olv_13_Core,37,olv,G13,Core,105,39.85,0.017,8.12,0.107,50.061,0.424,0.005,0,0,0.001,0,,,91.65943202,98.585,,
37_olv_7_Rim,37,olv,G7,Rim,88,39.774,0.048,8.434,0.131,49.88,0.353,0.007,0.012,0.017,0.003,0.006,,,91.33613388,98.665,,
37_olv_6_Rim,37,olv,G6,Rim,86,39.848,0.017,8.103,0.103,50.181,0.418,0.002,0.007,0.006,0,0,,,91.69369354,98.685,,
37_olv_9_Core,37,olv,G9,Core,95,39.776,0.024,8.218,0.124,50.135,0.398,0.001,0.006,0.021,0.001,0,,,91.57865722,98.704,,
37_olv_11_Rim,37,olv,G11,Rim,98,39.845,0.021,8.255,0.122,50.11,0.386,0.003,0.005,0,0.001,0.005,,,91.54008602,98.753,,
37_olv_1_Rim,37,olv,G1,Rim,76,39.913,0.009,8.253,0.095,50.111,0.399,0,0.01,0.012,0,0.004,,,91.54211682,98.806,,
37_olv_5_Core,37,olv,G5,Core,85,39.678,0.056,9.634,0.121,48.955,0.348,0,0.009,0.015,0.014,0.005,,,90.05758597,98.835,,
37_ol_NG1_Rim,37,ol,NG1,Rim,1403,39.98,0.017,8.227,0.083,50.204,0.406,0.001,0.008,0,0,0,,,91.58082239,98.926,,
37_ol_NG1_Rim,37,ol,NG1,Rim,1403,39.98,0.017,8.227,0.083,50.204,0.406,0.001,0.008,0,0,0,,,91.58082239,98.926,,
37_olv_11_Core,37,olv,G11,Core,99,39.977,0.018,8.303,0.095,50.144,0.405,0.004,0.007,0,0.002,0.004,,,91.5003548,98.959,,
37_olv_5_Rim,37,olv,G5,Rim,84,40.167,0.008,8.095,0.093,50.162,0.422,0,0,0.016,0,0.002,,,91.6983313,98.965,,
37_olv_10_Rim,37,olv,G10,Rim,96,40.077,0.029,8.119,0.078,50.267,0.396,0.002,0.006,0.018,0,0,,,91.69171078,98.992,,
37_olv_6_Core,37,olv,G6,Core,87,40.003,0.017,8.307,0.111,50.194,0.364,0.003,0.003,0.019,0.012,0,,,91.50435916,99.033,,
37_ol_NG2_Core,37,ol,NG2,Core,1404,40.171,0.022,7.996,0.088,50.423,0.383,0,0,0.009,0.002,0,,,91.83054263,99.094,,
37_ol_NG2_Core,37,ol,NG2,Core,1404,40.171,0.022,7.996,0.088,50.423,0.383,0,0,0.009,0.002,0,,,91.83054263,99.094,,
37_olv_12_Rim,37,olv,G12,Rim,102,40.124,0.008,8.154,0.126,50.386,0.403,0,0,0.011,0.005,0,,,91.67694238,99.217,,
37_ol_NG5_Rim,37,ol,NG5,Rim,1411,40.147,0.052,8.323,0.108,50.194,0.368,0,0.012,0.021,0,0.001,,,91.48938844,99.226,,
37_ol_NG5_Rim,37,ol,NG5,Rim,1411,40.147,0.052,8.323,0.108,50.194,0.368,0,0.012,0.021,0,0.001,,,91.48938844,99.226,,
37_ol_NG3_Rim,37,ol,NG3,Rim,1407,40.104,0.06,8.984,0.154,49.608,0.367,0.004,0.003,0,0,0,,,90.77731618,99.284,,
37_ol_NG3_Rim,37,ol,NG3,Rim,1407,40.104,0.06,8.984,0.154,49.608,0.367,0.004,0.003,0,0,0,,,90.77731618,99.284,,
37_ol_NG1_Core,37,ol,NG1,Core,1402,40.341,0.03,7.828,0.101,50.707,0.406,0,0.004,0,0,0.001,,,92.0297305,99.418,,
37_ol_NG1_Core,37,ol,NG1,Core,1402,40.341,0.03,7.828,0.101,50.707,0.406,0,0.004,0,0,0.001,,,92.0297305,99.418,,
37_ol_NG67_Core,37,ol,NG67,Core,1414,40.277,0.022,7.979,0.079,50.724,0.388,0,0.009,0.003,0.005,0,,,91.89095531,99.486,,
37_ol_NG67_Core,37,ol,NG67,Core,1414,40.277,0.022,7.979,0.079,50.724,0.388,0,0.009,0.003,0.005,0,,,91.89095531,99.486,,
37_ol_NG67_Rim,37,ol,NG67,Rim,1415,40.229,0.071,8.293,0.14,50.41,0.43,0.004,0.025,0.003,0,0,,,91.55073806,99.605,,
37_ol_NG67_Rim,37,ol,NG67,Rim,1415,40.229,0.071,8.293,0.14,50.41,0.43,0.004,0.025,0.003,0,0,,,91.55073806,99.605,,
37_olv_14_Rim,37,olv,G14,Rim,106,40.57,0.011,8.027,0.121,50.509,0.379,0.003,0.005,0,0.004,0.007,,,91.81428352,99.636,,
37_ol_NG5_Core,37,ol,NG5,Core,1410,40.515,0.02,7.977,0.076,50.727,0.404,0.001,0,0,0,0.004,,,91.89326371,99.724,,
37_ol_NG5_Core,37,ol,NG5,Core,1410,40.515,0.02,7.977,0.076,50.727,0.404,0.001,0,0,0,0.004,,,91.89326371,99.724,,
37_olv_12_Core,37,olv,G12,Core,101,40.461,0.015,8.17,0.12,50.537,0.421,0,0,0.007,0.002,0.001,,,91.68481409,99.734,,
37_ol_NG3_Core,37,ol,NG3,Core,1406,40.407,0.027,8.074,0.111,50.764,0.387,0,0,0,0.003,0,,,91.80825199,99.773,,
37_ol_NG3_Core,37,ol,NG3,Core,1406,40.407,0.027,8.074,0.111,50.764,0.387,0,0,0,0.003,0,,,91.80825199,99.773,,
37_ol_NG6_Core,37,ol,NG6,Core,1412,40.419,0.022,8.04,0.109,50.832,0.397,0.014,0.027,0,0.002,0.004,,,91.84995933,99.866,,
37_ol_NG6_Core,37,ol,NG6,Core,1412,40.419,0.022,8.04,0.109,50.832,0.397,0.014,0.027,0,0.002,0.004,,,91.84995933,99.866,,
37_olv_8_Rim,37,olv,G8,Rim,92,40.554,0.029,8.039,0.11,50.876,0.396,0.007,0,0,0,0,,,91.85736428,100.011,,
37_ol_NG6_Rim,37,ol,NG6,Rim,1413,40.577,0.022,8.138,0.101,51.102,0.395,0,0.011,0,0.007,0.003,,,91.79877668,100.356,,
37_ol_NG6_Rim,37,ol,NG6,Rim,1413,40.577,0.022,8.138,0.101,51.102,0.395,0,0.011,0,0.007,0.003,,,91.79877668,100.356,,
37_olv_9_Rim,37,olv,G9,Rim,94,40.559,0.04,8.429,0.112,50.84,0.397,0.006,0.001,0.014,0.012,0.006,,,91.49042065,100.416,,
37_olv_15_Rim,37,olv,G15,Rim,108,40.593,0.079,8.512,0.128,50.677,0.344,0.007,0.018,0.047,0.009,0.01,,,91.38858305,100.424,,
37_ol_NG4_Core,37,ol,NG4,Core,1408,40.763,0.023,7.971,0.092,51.273,0.418,0.003,0.001,0.011,0.005,0.001,,,91.97821507,100.561,,
37_ol_NG4_Core,37,ol,NG4,Core,1408,40.763,0.023,7.971,0.092,51.273,0.418,0.003,0.001,0.011,0.005,0.001,,,91.97821507,100.561,,
37_ol_NG2_Rim,37,ol,NG2,Rim,1405,40.801,0.054,8.494,0.133,50.859,0.38,0.013,0.002,0.018,0,0.004,,,91.43334992,100.758,,
37_ol_NG2_Rim,37,ol,NG2,Rim,1405,40.801,0.054,8.494,0.133,50.859,0.38,0.013,0.002,0.018,0,0.004,,,91.43334992,100.758,,
45_Olivine_G7_Core,45,olv,G7,Core,17,40.195,0.014,7.226,0.095,50.529,0.441,0,0,0,0,0.003,,,92.57315634,98.503,,
45_Olivine_G11_Rim,45,olv,G11,Rim,24,39.587,0.058,10.22,0.141,48.076,0.363,0,0.01,0.034,0.027,0,,,89.34497097,98.516,,
45_Olivine_G4_Core,45,olv,G4,Core,11,40.055,0.022,7.111,0.091,50.817,0.413,0.006,0,0,0,0.006,,,92.72115541,98.521,,
45_Olivine_G11_Core,45,olv,G11,Core,25,40.047,0.015,7.214,0.092,50.751,0.413,0,0,0,0,0.005,,,92.61461696,98.537,,
45_Olivine_G2_Core,45,olv,G2,Core,7,40.237,0.014,7.08,0.066,50.694,0.432,0.004,0.003,0.019,0.01,0.004,,,92.73427534,98.563,,
45_Olivine_G8_Rim,45,olv,G8,Rim,18,39.895,0.037,9.018,0.128,49.081,0.405,0.008,0.016,0.021,0,0.009,,,90.65556098,98.618,,
45_Olivine_G5_Rim,45,olv,G5,Rim,12,40.065,0.016,7.333,0.104,50.643,0.452,0,0.006,0,0,0.002,,,92.48713567,98.621,,
45_Olivine_G9_Rim,45,olv,G9,Rim,20,39.333,0.039,11.701,0.17,47.039,0.346,0.007,0.002,0.03,0.012,0,,,87.75401184,98.679,,
45_Olivine_G2_Rim,45,olv,G2,Rim,6,40.117,0.036,8.917,0.126,49.144,0.405,0,0.01,0,0,0.003,,,90.76129878,98.758,,
45_Olivine_G13_Core,45,olv,G13,Core,29,40.277,0.012,7.183,0.087,50.811,0.406,0.002,0.012,0,0.001,0.006,,,92.65206692,98.797,,
45_Olivine_G5_Core,45,olv,G5,Core,13,40.385,0.019,7.17,0.105,50.776,0.405,0.005,0,0,0,0,,,92.6597046,98.865,,
45_Olivine_G10_Rim,45,olv,G10,Rim,22,40.301,0.018,7.77,0.095,50.355,0.389,0,0.018,0,0,0,,,92.03318341,98.946,,
45_Olivine_G3_Rim,45,olv,G3,Rim,8,40.107,0.031,9.207,0.129,49.098,0.385,0,0.013,0.017,0.01,0.001,,,90.48134978,98.998,,
45_Olivine_G1_Core,45,olv,G1,Core,5,40.071,0.027,7.136,0.098,51.197,0.454,0,0.011,0.001,0.002,0.007,,,92.74770508,99.004,,
45_Olivine_G14_Rim,45,olv,G14,Rim,30,39.7,0.052,10.191,0.171,48.468,0.357,0.012,0.009,0.036,0.015,0.002,,,89.44887993,99.013,,
45_Olivine_G15_Rim,45,olv,G15,Rim,32,40.1,0.019,8.029,0.121,50.345,0.4,0.01,0.01,0.008,0.002,0,,,91.78792997,99.044,,
45_Olivine_G8_Core,45,olv,G8,Core,19,40.356,0.016,7.267,0.091,50.86,0.421,0.01,0.009,0.015,0,0.005,,,92.57914531,99.05,,
45_Olivine_G13_Rim,45,olv,G13,Rim,28,39.784,0.051,10.934,0.171,47.703,0.37,0.003,0,0.03,0.006,0,,,88.60641263,99.052,,
45_Olivine_G6_Core,45,olv,G6,Core,15,40.649,0.021,7.048,0.104,50.845,0.415,0.002,0.003,0,0,0,,,92.78467573,99.087,,
45_Olivine_G9_Core,45,olv,G9,Core,21,40.504,0.009,7.116,0.1,50.885,0.463,0.007,0.012,0,0,0,,,92.72543551,99.096,,
45_Olivine_G10_Core,45,olv,G10,Core,23,40.407,0.018,7.23,0.089,50.955,0.394,0,0.007,0,0.008,0.013,,,92.62689288,99.121,,
45_Olivine_G7_Rim,45,olv,G7,Rim,16,39.885,0.047,9.798,0.175,48.821,0.386,0.004,0.002,0.009,0.01,0,,,89.8805179,99.137,,
45_Olivine_G14_Core,45,olv,G14,Core,31,40.535,0.012,7.122,0.1,51.011,0.399,0,0.012,0,0.013,0.006,,,92.7364248,99.21,,
45_Olivine_G12_Rim,45,olv,G12,Rim,26,39.728,0.066,10.841,0.176,48.036,0.345,0.003,0.017,0.019,0.011,0,,,88.76194221,99.242,,
45_Olivine_G12_Core,45,olv,G12,Core,27,40.312,0.015,7.179,0.089,51.292,0.399,0,0.007,0.001,0,0,,,92.71971526,99.294,,
45_Olivine_G6_Rim,45,olv,G6,Rim,14,40.191,0.058,9.473,0.143,49.194,0.321,0.009,0.011,0.028,0.001,0.001,,,90.2504062,99.43,,
45_Olivine_G4_Rim,45,olv,G4,Rim,10,40.604,0.011,8.631,0.099,49.947,0.383,0.003,0.019,0.016,0.002,0.002,,,91.16249138,99.717,,
45_Olivine_G1_Rim,45,olv,G1,Rim,4,40.467,0.234,8.595,0.188,50.242,0.31,0,0.016,0.057,0.007,0,,,91.24327368,100.116,,
45_Olivine_G3_Core,45,olv,G3,Core,9,40.838,0.019,7.147,0.101,51.826,0.393,0.003,0.004,0.003,0,0.001,,,92.81915338,100.335,,
45_Olivine_G15_Core,45,olv,G15,Core,33,40.979,0.011,7.183,0.077,51.815,0.43,0.01,0.01,0.012,0.01,0.003,,,92.78417132,100.54,,
48_ol_G11,48,ol,G11,Core,702,39.347,0.017,8.817,0.108,49.759,0.45,0.007,0.016,0.004,0,0,,,90.95823571,98.525,,
48_ol_G10,48,ol,G10,Core,701,39.603,0.022,8.72,0.115,49.746,0.438,0.004,0.002,0.002,0,0.005,,,91.0466747,98.657,,
48_ol_G15,48,ol,G15,Core,706,55.416,0.284,5.563,0.129,34.727,0.102,0.01,2.458,0.347,0,0.004,,,91.75425392,99.04,,
48_ol_G8,48,ol,G8,Core,699,39.817,0.016,8.828,0.148,50.053,0.402,0.002,0.016,0,0.006,0.004,,,90.99635875,99.292,,
48_ol_G13,48,ol,G13,Core,704,39.864,0.01,8.82,0.133,50.144,0.395,0.004,0,0,0,0,,,91.01864369,99.37,,
48_ol_G5,48,ol,G5,Core,696,39.93,0.024,8.753,0.122,50.094,0.445,0.003,0.01,0.004,0,0.003,,,91.07267649,99.388,,
48_ol_G14,48,ol,G14,Core,705,39.961,0.016,8.715,0.124,50.16,0.409,0.005,0.013,0.011,0,0,,,91.11864793,99.414,,
48_ol_G9,48,ol,G9,Core,700,39.862,0.013,8.76,0.127,50.267,0.43,0,0,0.001,0,0.002,,,91.09418349,99.462,,
48_ol_G7,48,ol,G7,Core,698,39.888,0.012,8.787,0.131,50.305,0.444,0.005,0.023,0,0.002,0,,,91.0753297,99.597,,
48_ol_G2,48,ol,G2,Core,693,39.864,0.009,8.858,0.146,50.396,0.456,0,0,0,0.003,0.007,,,91.02447713,99.739,,
48_ol_G6,48,ol,G6,Core,697,39.971,0.014,8.848,0.11,50.425,0.427,0.007,0,0,0,0.01,,,91.03839579,99.812,,
48_ol_G3,48,ol,G3,Core,694,39.966,0.018,8.88,0.126,50.482,0.46,0.008,0.005,0,0,0.008,,,91.01813917,99.953,,
48_ol_G1,48,ol,G1,Core,691,40.113,0.016,8.765,0.11,50.609,0.434,0.008,0,0,0.006,0.008,,,91.14443495,100.069,,
48_ol_G4,48,ol,G4,Core,695,40.15,0.017,8.838,0.141,50.61,0.437,0,0.014,0.022,0,0,,,91.07742215,100.229,,
48_ol_NG31_Rim,48,ol,NG31,Rim,2037,40.688,0.076,8.733,0.123,50.533,0.443,0.007,0,0.007,0.002,0.003,,0,91.16181111,100.615,,
48_ol_NG28_Rim,48,ol,NG28,Rim,2034,40.554,0.079,8.799,0.132,50.586,0.442,0.012,0,0.025,0.011,0.003,,0,91.10945503,100.643,,
48_ol_NG1_Rim,48,ol,NG1,Rim,2025,40.775,0.104,8.73,0.125,50.507,0.432,0,0.001,0.025,0.003,0,,0,91.16043274,100.702,,
48_ol_NG33_Rim,48,ol,NG33,Rim,2039,40.578,0.023,8.995,0.13,50.542,0.416,0.011,0.009,0.042,0.005,0.003,,0,90.92219951,100.754,,
48_ol_NG30_Rim,48,ol,NG30,Rim,2036,40.711,0.086,8.926,0.112,50.534,0.379,0.006,0.02,0.004,0,0.003,,0.022,90.98425904,100.803,,
48_ol_NG27_Rim,48,ol,NG27,Rim,2033,40.688,0.102,8.848,0.143,50.655,0.406,0.01,0.009,0,0,0,,0,91.0754547,100.861,,
48_ol_NG1_Core,48,ol,NG1,Core,2024,40.669,0.011,8.908,0.119,50.742,0.42,0.004,0,0,0.006,0,,0.017,91.03438574,100.896,,
48_ol_NG29_Rim,48,ol,NG29,Rim,2035,40.723,0.162,8.739,0.156,50.736,0.392,0.007,0.021,0.042,0,0.002,,0.005,91.18854261,100.985,,
48_ol_NG23_Rim,48,ol,NG23,Rim,2029,40.707,0.031,8.891,0.131,50.902,0.423,0.002,0,0.017,0,0,,0,91.07558628,101.104,,
48_ol_NG32_Rim,48,ol,NG32,Rim,2038,40.751,0.064,8.841,0.136,50.863,0.414,0.004,0.017,0.012,0,0.008,,0.009,91.11511516,101.119,,
48_ol_NG22_Rim,48,ol,NG22,Rim,2028,41.013,0.063,8.686,0.129,50.879,0.415,0,0.008,0.011,0,0,,0,91.25977509,101.204,,
48_ol_NG21_Rim,48,ol,NG21,Rim,2027,40.978,0.089,8.811,0.129,50.745,0.416,0.016,0.022,0.02,0.003,0.001,,0,91.12382526,101.23,,
48_ol_NG20_Rim,48,ol,NG20,Rim,2026,40.955,0.076,8.815,0.123,50.99,0.39,0.009,0.005,0.022,0.011,0.009,,0,91.15904783,101.405,,
48_ol_NG24_Rim,48,ol,NG24,Rim,2030,41.063,0.063,8.601,0.156,51.076,0.408,0,0,0.04,0.005,0,,0,91.3684229,101.412,,
48_ol_NG26_Rim,48,ol,NG26,Rim,2032,40.916,0.075,8.816,0.115,51.099,0.432,0.008,0.018,0.021,0,0,,0.007,91.17532988,101.507,,
49_ol_G15_Core,49,ol,G15,Core,829,39.893,0.031,7.741,0.105,50.433,0.363,0.007,0.009,0.037,0.002,0.007,,,92.07186291,98.628,,
49_ol_G14_Rim,49,ol,G14,Rim,827,39.898,0.134,8.765,0.158,49.547,0.225,0.018,0.025,0.028,0.002,0.015,,,90.97175973,98.815,,
49_ol_G3_Rim,49,ol,G3,Rim,805,39.774,0.203,8.782,0.151,49.53,0.371,0.02,0,0.044,0.013,0.003,,,90.95300949,98.891,,
49_ol_G6_Rim,49,ol,G6,Rim,811,39.809,0.129,8.862,0.161,49.694,0.194,0.006,0.017,0.013,0.014,0,,,90.90547946,98.899,,
49_ol_G8_Core,49,ol,G8,Core,814,40.234,0.033,7.399,0.086,50.976,0.389,0.004,0.012,0,0,0.002,,,92.47039904,99.135,,
49_ol_G9_Rim,49,ol,G9,Rim,817,39.948,0.207,8.618,0.154,49.843,0.345,0.014,0.015,0.038,0.018,0.003,,,91.15784133,99.203,,
49_ol_G11_Rim,49,ol,G11,Rim,821,39.511,0.044,10.974,0.144,48.113,0.363,0.005,0.004,0.024,0.023,0.004,,,88.65585203,99.209,,
49_ol_G10_Core,49,ol,G10,Core,818,40.154,0.028,7.446,0.088,51.128,0.395,0.01,0.007,0.011,0.001,0.005,,,92.4470077,99.273,,
49_ol_G12_Rim,49,ol,G12,Rim,823,40.048,0.245,8.607,0.151,49.824,0.355,0,0.006,0.05,0.034,0.002,,,91.16506026,99.322,,
49_ol_G7_Rim,49,ol,G7,Rim,813,39.848,0.029,9.047,0.089,49.975,0.395,0.014,0,0.01,0.008,0,,,90.78052032,99.415,,
49_ol_G7_Core,49,ol,G7,Core,812,40.227,0.028,7.42,0.087,51.203,0.43,0.005,0.011,0.031,0.001,0,,,92.48159422,99.443,,
49_ol_G12_Core,49,ol,G12,Core,822,40.378,0.018,7.388,0.102,51.135,0.429,0.01,0.009,0.006,0,0.003,,,92.50237898,99.478,,
49_ol_G14_Core,49,ol,G14,Core,826,40.362,0.025,7.42,0.057,51.158,0.414,0.006,0.012,0.03,0.001,0.004,,,92.47547844,99.489,,
49_ol_G1_Core,49,ol,G1,Core,800,40.234,0.02,7.503,0.082,51.242,0.421,0.004,0,0.012,0.005,0.009,,,92.40922436,99.532,,
49_ol_G2_Rim,49,ol,G2,Rim,803,39.768,0.11,9.593,0.148,49.487,0.382,0.026,0.019,0.002,0.019,0.005,,,90.19173858,99.559,,
49_ol_G4_Core,49,ol,G4,Core,806,40.337,0.028,7.465,0.085,51.197,0.401,0.017,0.014,0.019,0.003,0,,,92.43862573,99.566,,
49_ol_G1_Rim,49,ol,G1,Rim,801,40.235,0.024,7.491,0.086,51.272,0.408,0.016,0.016,0.015,0.01,0.009,,,92.4245435,99.582,,
49_ol_G2_Core,49,ol,G2,Core,802,40.253,0.027,7.523,0.079,51.376,0.399,0.027,0.016,0.03,0,0,,,92.40887064,99.73,,
49_ol_G15_Core,49,ol,G15,Core,828,40.404,0.03,7.425,0.083,51.342,0.442,0.006,0,0.025,0.01,0,,,92.49574815,99.767,,
49_ol_G13_Core,49,ol,G13,Core,824,40.507,0.018,7.4,0.082,51.354,0.381,0.002,0,0.01,0.006,0.009,,,92.52074213,99.769,,
49_ol_G5_Core,49,ol,G5,Core,808,40.339,0.024,7.557,0.091,51.367,0.407,0.006,0.011,0.031,0,0,,,92.37594419,99.833,,
49_ol_G10_Rim,49,ol,G10,Rim,819,40.119,0.225,8.778,0.194,50.102,0.363,0.009,0.017,0.012,0.016,0.004,,,91.05076206,99.839,,
49_ol_G3_Core,49,ol,G3,Core,804,40.351,0.025,7.523,0.094,51.426,0.414,0.002,0,0,0.008,0,,,92.4156915,99.843,,
49_ol_G8_Rim,49,ol,G8,Rim,815,40.078,0.033,9.35,0.135,49.896,0.387,0.009,0.027,0.013,0.009,0.013,,,90.4874652,99.95,,
49_ol_G6_Core,49,ol,G6,Core,810,40.475,0.022,7.482,0.112,51.498,0.44,0.005,0.002,0.031,0,0,,,92.4636617,100.067,,
49_ol_G11_Core,49,ol,G11,Core,820,40.438,0.027,7.489,0.086,51.661,0.425,0.006,0.026,0.007,0,0.005,,,92.47915191,100.17,,
49_ol_G4_Rim,49,ol,G4,Rim,807,40.546,0.297,8.211,0.127,50.622,0.376,0.003,0.01,0.026,0.016,0.012,,,91.65942772,100.246,,
49_ol_G13_Rim,49,ol,G13,Rim,825,40.526,0.296,8.189,0.153,50.949,0.364,0.009,0.013,0.021,0.005,0.01,,,91.72889866,100.535,,
49_ol_G9_Core,49,ol,G9,Core,816,40.791,0.023,7.538,0.112,51.922,0.421,0.005,0,0.009,0.002,0,,,92.46883661,100.823,,
49_ol_G5_Rim,49,ol,G5,Rim,809,40.696,0.033,8.356,0.1,51.173,0.403,0,0.02,0.016,0.017,0.013,,,91.6082224,100.827,,
53_ol_G14_Rim,53,ol,G14,Rim,767,39.93,0.029,8.339,0.119,50.002,0.384,0.008,0,0.04,0,0.004,,,91.44448652,98.855,,
53_ol_G3_Rim,53,ol,G3,Rim,745,39.8,0.073,9.618,0.159,48.999,0.316,0.004,0,0.032,0.017,0.005,,,90.08048933,99.023,,
53_ol_G6_Rim,53,ol,G6,Rim,751,39.822,0.088,9.367,0.148,49.251,0.276,0.011,0.018,0.019,0.023,0,,,90.35906506,99.023,,
53_ol_G7_Rim,53,ol,G7,Rim,753,40.111,0.014,7.311,0.092,51.113,0.388,0.016,0.01,0,0.008,0.01,,,92.5717606,99.073,,
53_ol_G8_Rim,53,ol,G8,Rim,755,40.023,0.055,9.464,0.156,49.01,0.34,0.018,0.027,0.029,0.013,0.007,,,90.22576943,99.142,,
53_ol_G1_Rim,53,ol,G1,Rim,741,40.069,0.023,8.298,0.136,50.229,0.395,0.011,0,0,0.012,0.009,,,91.5181947,99.182,,
53_ol_G1_Core,53,ol,G1,Core,740,40.307,0.013,7.27,0.1,51.138,0.442,0.006,0,0,0,0,,,92.6136855,99.276,,
53_ol_G11_Rim,53,ol,G11,Rim,761,39.73,0.102,10.296,0.143,48.542,0.373,0.012,0.029,0.05,0.026,0,,,89.36625191,99.303,,
53_ol_G2_Core,53,ol,G2,Core,742,40.295,0.007,7.275,0.077,51.266,0.412,0.001,0,0.022,0,0.008,,,92.62607396,99.363,,
53_ol_G10_Rim,53,ol,G10,Rim,759,40.19,0.03,7.89,0.103,50.737,0.409,0.005,0.008,0,0,0,,,91.97603784,99.372,,
53_ol_G7_Core,53,ol,G7,Core,752,40.312,0.015,7.317,0.09,51.233,0.415,0.013,0.014,0.016,0,0.005,,,92.58223794,99.43,,
53_ol_G15_Rim,53,ol,G15,Rim,769,40.38,0.022,7.982,0.1,50.544,0.386,0.013,0,0,0.005,0.003,,,91.86161644,99.435,,
53_ol_G9_Core,53,ol,G9,Core,756,40.463,0.016,7.388,0.101,51.069,0.412,0.008,0,0,0.001,0.002,,,92.49341665,99.46,,
53_ol_G6_Core,53,ol,G6,Core,750,40.408,0.024,7.396,0.094,51.147,0.403,0.009,0.005,0.014,0,0,,,92.49649831,99.5,,
53_ol_G11_Core,53,ol,G11,Core,760,40.408,0.014,7.4,0.081,51.306,0.408,0,0.009,0,0.008,0,,,92.51426862,99.634,,
53_ol_G12_Core,53,ol,G12,Core,762,40.578,0.016,7.284,0.11,51.205,0.434,0.008,0.013,0.001,0.009,0.002,,,92.60948044,99.66,,
53_ol_G2_Rim,53,ol,G2,Rim,743,40.023,0.1,9.766,0.146,49.193,0.339,0.015,0.03,0.061,0.026,0.009,,,89.97888648,99.708,,
53_ol_G4_Core,53,ol,G4,Core,746,40.521,0.018,7.415,0.113,51.37,0.411,0.013,0.001,0,0.021,0.01,,,92.50887657,99.893,,
53_ol_G10_Core,53,ol,G10,Core,758,40.609,0.019,7.358,0.095,51.394,0.43,0,0,0.006,0,0.006,,,92.56539375,99.917,,
53_ol_G5_Core,53,ol,G5,Core,748,40.514,0.02,7.276,0.095,51.625,0.435,0.005,0.02,0.01,0,0,,,92.67266208,100,,
53_ol_G5_Rim,53,ol,G5,Rim,749,40.444,0.07,8.573,0.138,50.388,0.344,0.016,0.014,0.002,0.022,0.008,,,91.28683737,100.019,,
53_ol_G13_Rim,53,ol,G13,Rim,765,40.279,0.055,9.259,0.131,49.894,0.344,0.009,0.021,0.023,0.013,0.004,,,90.57097553,100.032,,
53_ol_G4_Rim,53,ol,G4,Rim,747,40.4,0.039,8.323,0.116,50.816,0.372,0.022,0.02,0.007,0.01,0.017,,,91.58479408,100.142,,
53_ol_G9_Rim,53,ol,G9,Rim,757,40.806,0.014,7.402,0.099,51.4,0.402,0.011,0.017,0,0.008,0.007,,,92.52506665,100.166,,
53_ol_G3_Core,53,ol,G3,Core,744,40.63,0.013,7.408,0.112,51.571,0.42,0,0,0.015,0.002,0,,,92.5424151,100.171,,
53_ol_G13_Core,53,ol,G13,Core,764,40.609,0.016,7.357,0.119,51.67,0.412,0.011,0.011,0.009,0,0,,,92.60309955,100.214,,
53_ol_G15_Core,53,ol,G15,Core,768,40.653,0.019,7.398,0.089,51.659,0.426,0.003,0,0.006,0.01,0.008,,,92.56347664,100.271,,
53_ol_G14_Core,53,ol,G14,Core,766,41.017,0.022,7.301,0.083,51.816,0.39,0.007,0.016,0.014,0.001,0.005,,,92.67444686,100.672,,
58_ol_G15_Rim,58,ol,G15,Rim,974,39.526,0.072,11.574,0.17,47.274,0.297,0.025,0.013,0.019,0.012,0,,,87.92381868,98.982,,
58_ol_G15_Rim,58,ol,G15,Rim,974,39.526,0.072,11.574,0.17,47.274,0.297,0.025,0.013,0.019,0.012,0,,,87.92381868,98.982,,
58_ol_G10_Rim,58,ol,G10,Rim,964,39.878,0.029,9.335,0.133,49.343,0.472,0.006,0.02,0,0.006,0,,,90.40503597,99.222,,
58_ol_G10_Rim,58,ol,G10,Rim,964,39.878,0.029,9.335,0.133,49.343,0.472,0.006,0.02,0,0.006,0,,,90.40503597,99.222,,
58_ol_G14_Rim,58,ol,G14,Rim,972,39.761,0.037,10.484,0.113,48.445,0.396,0.004,0.025,0.024,0.013,0.006,,,89.17377252,99.308,,
58_ol_G14_Rim,58,ol,G14,Rim,972,39.761,0.037,10.484,0.113,48.445,0.396,0.004,0.025,0.024,0.013,0.006,,,89.17377252,99.308,,
58_ol_G8_Rim,58,ol,G8,Rim,960,39.913,0.059,10.004,0.106,48.85,0.352,0.019,0.015,0.012,0.001,0.015,,,89.69518496,99.346,,
58_ol_G8_Rim,58,ol,G8,Rim,960,39.913,0.059,10.004,0.106,48.85,0.352,0.019,0.015,0.012,0.001,0.015,,,89.69518496,99.346,,
58_ol_G14_Core,58,ol,G14,Core,971,40.314,0.019,7.955,0.103,50.483,0.488,0.002,0.018,0,0.005,0,,,91.87790494,99.387,,
58_ol_G14_Core,58,ol,G14,Core,971,40.314,0.019,7.955,0.103,50.483,0.488,0.002,0.018,0,0.005,0,,,91.87790494,99.387,,
58_ol_G12_Core,58,ol,G12,Core,967,40.272,0.008,8.01,0.102,50.597,0.485,0.002,0,0.013,0.001,0,,,91.84325351,99.49,,
58_ol_G12_Core,58,ol,G12,Core,967,40.272,0.008,8.01,0.102,50.597,0.485,0.002,0,0.013,0.001,0,,,91.84325351,99.49,,
58_ol_G6_Rim,58,ol,G6,Rim,956,39.968,0.047,10.353,0.129,48.548,0.403,0.014,0.006,0.02,0.008,0,,,89.31485271,99.496,,
58_ol_G6_Rim,58,ol,G6,Rim,956,39.968,0.047,10.353,0.129,48.548,0.403,0.014,0.006,0.02,0.008,0,,,89.31485271,99.496,,
58_ol_G10_Core,58,ol,G10,Core,963,40.355,0.018,8.131,0.09,50.516,0.479,0.003,0,0,0,0.003,,,91.7180645,99.595,,
58_ol_G10_Core,58,ol,G10,Core,963,40.355,0.018,8.131,0.09,50.516,0.479,0.003,0,0,0,0.003,,,91.7180645,99.595,,
58_ol_G7_Rim,58,ol,G7,Rim,958,39.846,0.09,10.832,0.135,48.361,0.257,0.023,0.025,0.038,0.001,0.008,,,88.83726729,99.616,,
58_ol_G7_Rim,58,ol,G7,Rim,958,39.846,0.09,10.832,0.135,48.361,0.257,0.023,0.025,0.038,0.001,0.008,,,88.83726729,99.616,,
58_ol_G13_Rim,58,ol,G13,Rim,970,39.638,0.071,12.103,0.167,47.33,0.235,0.019,0.018,0.016,0.027,0,,,87.45417988,99.624,,
58_ol_G13_Rim,58,ol,G13,Rim,970,39.638,0.071,12.103,0.167,47.33,0.235,0.019,0.018,0.016,0.027,0,,,87.45417988,99.624,,
58_ol_G1_Rim,58,ol,G1,Rim,946,39.505,0.076,12.184,0.149,47.449,0.186,0.008,0.005,0.048,0.028,0.005,,,87.40847516,99.643,,
58_ol_G1_Rim,58,ol,G1,Rim,946,39.505,0.076,12.184,0.149,47.449,0.186,0.008,0.005,0.048,0.028,0.005,,,87.40847516,99.643,,
58_ol_G15_Core,58,ol,G15,Core,973,40.507,0.022,7.945,0.102,50.569,0.482,0.007,0.007,0.027,0,0,,,91.89996598,99.668,,
58_ol_G15_Core,58,ol,G15,Core,973,40.507,0.022,7.945,0.102,50.569,0.482,0.007,0.007,0.027,0,0,,,91.89996598,99.668,,
58_ol_G4_Rim,58,ol,G4,Rim,952,39.936,0.109,10.805,0.145,48.449,0.198,0.018,0.054,0.039,0.03,0.01,,,88.87997341,99.793,,
58_ol_G4_Rim,58,ol,G4,Rim,952,39.936,0.109,10.805,0.145,48.449,0.198,0.018,0.054,0.039,0.03,0.01,,,88.87997341,99.793,,
58_ol_G8_Core,58,ol,G8,Core,959,40.419,0.064,8.012,0.11,50.689,0.489,0.011,0.012,0.003,0,0.004,,,91.85498473,99.813,,
58_ol_G8_Core,58,ol,G8,Core,959,40.419,0.064,8.012,0.11,50.689,0.489,0.011,0.012,0.003,0,0.004,,,91.85498473,99.813,,
58_ol_G3_Core,58,ol,G3,Core,949,40.472,0.017,8.088,0.087,50.731,0.477,0.007,0.013,0,0,0.005,,,91.79031427,99.897,,
58_ol_G3_Core,58,ol,G3,Core,949,40.472,0.017,8.088,0.087,50.731,0.477,0.007,0.013,0,0,0.005,,,91.79031427,99.897,,
58_ol_G13_Core,58,ol,G13,Core,969,40.45,0.015,8.097,0.104,50.824,0.483,0.011,0.001,0.011,0.008,0.002,,,91.79573367,100.006,,
58_ol_G13_Core,58,ol,G13,Core,969,40.45,0.015,8.097,0.104,50.824,0.483,0.011,0.001,0.011,0.008,0.002,,,91.79573367,100.006,,
58_ol_G9_Core,58,ol,G9,Core,961,40.601,0.038,7.985,0.098,50.779,0.471,0,0,0.04,0,0.001,,,91.89342901,100.013,,
58_ol_G9_Core,58,ol,G9,Core,961,40.601,0.038,7.985,0.098,50.779,0.471,0,0,0.04,0,0.001,,,91.89342901,100.013,,
58_ol_G5_Rim,58,ol,G5,Rim,954,39.83,0.089,11.564,0.151,48.039,0.249,0.021,0.033,0.056,0.027,0.006,,,88.10229245,100.065,,
58_ol_G5_Rim,58,ol,G5,Rim,954,39.83,0.089,11.564,0.151,48.039,0.249,0.021,0.033,0.056,0.027,0.006,,,88.10229245,100.065,,
58_ol_G9_Rim,58,ol,G9,Rim,962,40.194,0.041,10.291,0.136,49.037,0.378,0.015,0.011,0.05,0,0.01,,,89.46686043,100.163,,
58_ol_G9_Rim,58,ol,G9,Rim,962,40.194,0.041,10.291,0.136,49.037,0.378,0.015,0.011,0.05,0,0.01,,,89.46686043,100.163,,
58_ol_G7_Core,58,ol,G7,Core,957,40.645,0.016,8.087,0.081,50.891,0.478,0,0.012,0.008,0.005,0,,,91.8149417,100.223,,
58_ol_G7_Core,58,ol,G7,Core,957,40.645,0.016,8.087,0.081,50.891,0.478,0,0.012,0.008,0.005,0,,,91.8149417,100.223,,
58_ol_G12_Rim,58,ol,G12,Rim,968,40.01,0.048,11.429,0.163,48.262,0.315,0,0.001,0.014,0.02,0,,,88.27286092,100.262,,
58_ol_G12_Rim,58,ol,G12,Rim,968,40.01,0.048,11.429,0.163,48.262,0.315,0,0.001,0.014,0.02,0,,,88.27286092,100.262,,
58_ol_G11_Core,58,ol,G11,Core,965,40.624,0.015,8.116,0.109,50.972,0.503,0.005,0.026,0.018,0,0,,,91.79998009,100.388,,
58_ol_G11_Core,58,ol,G11,Core,965,40.624,0.015,8.116,0.109,50.972,0.503,0.005,0.026,0.018,0,0,,,91.79998009,100.388,,
58_ol_G4_Core,58,ol,G4,Core,951,40.735,0.01,8.07,0.085,50.999,0.521,0.008,0.001,0.003,0.001,0,,,91.84663163,100.433,,
58_ol_G4_Core,58,ol,G4,Core,951,40.735,0.01,8.07,0.085,50.999,0.521,0.008,0.001,0.003,0.001,0,,,91.84663163,100.433,,
58_ol_G1_Core,58,ol,G1,Core,945,40.575,0.011,8.097,0.114,51.129,0.512,0.003,0.011,0.002,0,0.001,,,91.84068136,100.455,,
58_ol_G1_Core,58,ol,G1,Core,945,40.575,0.011,8.097,0.114,51.129,0.512,0.003,0.011,0.002,0,0.001,,,91.84068136,100.455,,
58_ol_G3_Rim,58,ol,G3,Rim,950,40.055,0.072,12.033,0.14,47.849,0.278,0.02,0.029,0.015,0.019,0.005,,,87.63633538,100.515,,
58_ol_G3_Rim,58,ol,G3,Rim,950,40.055,0.072,12.033,0.14,47.849,0.278,0.02,0.029,0.015,0.019,0.005,,,87.63633538,100.515,,
58_ol_G6_Core,58,ol,G6,Core,955,40.718,0.02,8.067,0.108,51.216,0.453,0.007,0.005,0.014,0.006,0,,,91.88114552,100.614,,
58_ol_G6_Core,58,ol,G6,Core,955,40.718,0.02,8.067,0.108,51.216,0.453,0.007,0.005,0.014,0.006,0,,,91.88114552,100.614,,
58_ol_G2_Core,58,ol,G2,Core,947,40.853,0.021,8.018,0.097,51.381,0.487,0.011,0.008,0.032,0,0,,,91.95031856,100.908,,
58_ol_G2_Core,58,ol,G2,Core,947,40.853,0.021,8.018,0.097,51.381,0.487,0.011,0.008,0.032,0,0,,,91.95031856,100.908,,
58_ol_G5_Core,58,ol,G5,Core,953,41.318,0.016,7.892,0.102,51.492,0.504,0,0.025,0.013,0.007,0.004,,,92.08252851,101.373,,
58_ol_G5_Core,58,ol,G5,Core,953,41.318,0.016,7.892,0.102,51.492,0.504,0,0.025,0.013,0.007,0.004,,,92.08252851,101.373,,
